pos_x,pos_y,map_bank,map_num,in_battle,direction,action,q_value
9,10,0,9,0,1,0,2.228195265392311
9,10,0,9,0,1,1,0.131135
9,10,0,9,0,1,2,2.6209502599999923
9,10,0,9,0,1,3,0.0
9,10,0,9,0,1,4,4.97017033705933
9,10,0,9,0,1,5,5.297401134579868
9,9,0,9,0,0,0,2.292220999999992
9,9,0,9,0,0,1,4.301836260661718
9,9,0,9,0,0,2,0.0
9,9,0,9,0,0,3,0.901515594
9,9,0,9,0,0,4,2.833181789805502
9,9,0,9,0,0,5,0.0
10,9,0,9,0,3,0,2.243724908560359
10,9,0,9,0,3,1,0.0
10,9,0,9,0,3,2,0.0
10,9,0,9,0,3,3,8.227718951501492
10,9,0,9,0,3,4,2.365879370606995
10,9,0,9,0,3,5,3.154247332881086
11,9,0,9,0,3,0,5.22560025542999
11,9,0,9,0,3,1,1.0372049999999997
11,9,0,9,0,3,2,5.592447363092111
11,9,0,9,0,3,3,0.0
11,9,0,9,0,3,4,2.5634399983580076
11,9,0,9,0,3,5,2.5684399983580075
10,9,0,9,0,2,0,0.0
10,9,0,9,0,2,1,4.101161350175212
10,9,0,9,0,2,2,2.5260271352210744
10,9,0,9,0,2,3,2.578439998358009
10,9,0,9,0,2,4,0.0
10,9,0,9,0,2,5,4.679004563691128
10,10,0,9,0,1,0,0.6819376427813006
10,10,0,9,0,1,1,0.5920000000000001
10,10,0,9,0,1,2,7.7467259357936324
10,10,0,9,0,1,3,2.830464065969153
10,10,0,9,0,1,4,4.021651879689494
10,10,0,9,0,1,5,3.421925867643563
9,10,0,9,0,2,0,2.3985869422326602
9,10,0,9,0,2,1,0.0
9,10,0,9,0,2,2,0.0
9,10,0,9,0,2,3,5.967893698079141
9,10,0,9,0,2,4,1.4380976754287116
9,10,0,9,0,2,5,0.0
10,10,0,9,0,3,0,6.683768267702965
10,10,0,9,0,3,1,0.0
10,10,0,9,0,3,2,0.0
10,10,0,9,0,3,3,0.0
10,10,0,9,0,3,4,0.9974602850908572
10,10,0,9,0,3,5,0.0
10,9,0,9,0,0,0,2.9187749999999943
10,9,0,9,0,0,1,5.429184324854032
10,9,0,9,0,0,2,3.720768922381091
10,9,0,9,0,0,3,1.2686522889461191
10,9,0,9,0,0,4,0.0
10,9,0,9,0,0,5,0.0
9,9,0,9,0,2,0,0.5800000000000004
9,9,0,9,0,2,1,0.0
9,9,0,9,0,2,2,0.5951131920000011
9,9,0,9,0,2,3,4.780224105924731
9,9,0,9,0,2,4,0.4830000000000003
9,9,0,9,0,2,5,9.45770034723024
9,8,0,9,0,0,0,0.0
9,8,0,9,0,0,1,0.0
9,8,0,9,0,0,2,2.5427731188745852
9,8,0,9,0,0,3,0.6790000000000004
9,8,0,9,0,0,4,0.0
9,8,0,9,0,0,5,0.0
10,8,0,9,0,3,0,0.0
10,8,0,9,0,3,1,0.0
10,8,0,9,0,3,2,0.6770000000000005
10,8,0,9,0,3,3,0.0
10,8,0,9,0,3,4,0.0
10,8,0,9,0,3,5,0.6780000000000004
9,8,0,9,0,2,0,0.0
9,8,0,9,0,2,1,0.0
9,8,0,9,0,2,2,0.7740000000000005
9,8,0,9,0,2,3,0.0
9,8,0,9,0,2,4,0.0
9,8,0,9,0,2,5,1.350324000000001
8,8,0,9,0,2,0,5.9220397272212
8,8,0,9,0,2,1,0.5860000000000002
8,8,0,9,0,2,2,0.7730000000000006
8,8,0,9,0,2,3,1.5668427859329987
8,8,0,9,0,2,4,2.9765012932726975
8,8,0,9,0,2,5,0.0
8,7,0,9,0,0,0,6.251602471548611
8,7,0,9,0,0,1,2.3661074358073586
8,7,0,9,0,0,2,1.5330758247823462
8,7,0,9,0,0,3,0.0
8,7,0,9,0,0,4,0.0
8,7,0,9,0,0,5,0.0
8,6,0,9,0,0,0,0.0
8,6,0,9,0,0,1,3.639358306912259
8,6,0,9,0,0,2,15.025051411729603
8,6,0,9,0,0,3,0.0
8,6,0,9,0,0,4,6.145696171586821
8,6,0,9,0,0,5,0.0
8,7,0,9,0,1,0,1.0640300000000005
8,7,0,9,0,1,1,2.891315886508778
8,7,0,9,0,1,2,4.164225322346091
8,7,0,9,0,1,3,0.0
8,7,0,9,0,1,4,4.971763274437023
8,7,0,9,0,1,5,5.428163832096255
7,6,0,9,0,2,0,4.7012390817211385
7,6,0,9,0,2,1,3.3564700252900206
7,6,0,9,0,2,2,3.8597056467081945
7,6,0,9,0,2,3,8.07088790672313
7,6,0,9,0,2,4,11.890836019289946
7,6,0,9,0,2,5,58.05419955485094
8,6,0,9,0,3,0,0.0
8,6,0,9,0,3,1,3.810310592471958
8,6,0,9,0,3,2,7.382077555465796
8,6,0,9,0,3,3,1.1650000000000007
8,6,0,9,0,3,4,0.0
8,6,0,9,0,3,5,0.0
9,6,0,9,0,3,0,0.0
9,6,0,9,0,3,1,0.0
9,6,0,9,0,3,2,1.1640000000000006
9,6,0,9,0,3,3,0.0
9,6,0,9,0,3,4,0.0
9,6,0,9,0,3,5,0.0
8,6,0,9,0,2,0,0.0
8,6,0,9,0,2,1,0.0
8,6,0,9,0,2,2,1.2685340000000007
8,6,0,9,0,2,3,0.0
8,6,0,9,0,2,4,0.0
8,6,0,9,0,2,5,0.0
7,7,0,9,0,1,0,6.339357505026865
7,7,0,9,0,1,1,0.0
7,7,0,9,0,1,2,0.0
7,7,0,9,0,1,3,2.865321980678768
7,7,0,9,0,1,4,0.0
7,7,0,9,0,1,5,2.433666876087189
7,6,0,9,0,0,0,2.6436919480000034
7,6,0,9,0,0,1,1.5615163509999994
7,6,0,9,0,0,2,17.04358204621152
7,6,0,9,0,0,3,0.0
7,6,0,9,0,0,4,0.0
7,6,0,9,0,0,5,0.0
7,5,0,9,0,0,0,9.726168724638772
7,5,0,9,0,0,1,0.0
7,5,0,9,0,0,2,0.0
7,5,0,9,0,0,3,0.0
7,5,0,9,0,0,4,1.436987215153446
7,5,0,9,0,0,5,0.0
7,4,0,9,0,0,0,34.05726055265706
7,4,0,9,0,0,1,0.0
7,4,0,9,0,0,2,0.0
7,4,0,9,0,0,3,6.462436061659739
7,4,0,9,0,0,4,2.733089379653991
7,4,0,9,0,0,5,10.056025037493784
8,4,0,9,0,3,0,4.419521315755004
8,4,0,9,0,3,1,0.0
8,4,0,9,0,3,2,2.3099999999999903
8,4,0,9,0,3,3,0.0
8,4,0,9,0,3,4,0.0
8,4,0,9,0,3,5,0.0
8,3,0,9,0,0,0,4.582601615500004
8,3,0,9,0,0,1,0.0
8,3,0,9,0,0,2,0.0
8,3,0,9,0,0,3,0.0
8,3,0,9,0,0,4,0.0
8,3,0,9,0,0,5,0.0
8,2,0,9,0,0,0,58.26369506671835
8,2,0,9,0,0,1,1.5627630000000003
8,2,0,9,0,0,2,1.6330000000000031
8,2,0,9,0,0,3,1.8430000000000004
8,2,0,9,0,0,4,1.7450000000000008
8,2,0,9,0,0,5,6.164110395251123
9,2,0,9,0,3,0,0.0
9,2,0,9,0,3,1,0.0
9,2,0,9,0,3,2,1.8420000000000003
9,2,0,9,0,3,3,3.5563027329999857
9,2,0,9,0,3,4,0.0
9,2,0,9,0,3,5,2.8423579999999897
8,2,0,9,0,2,0,0.0
8,2,0,9,0,2,1,1.8389999999999997
8,2,0,9,0,2,2,10.983569878586422
8,2,0,9,0,2,3,0.0
8,2,0,9,0,2,4,2.022259
8,2,0,9,0,2,5,1.8410000000000002
8,3,0,9,0,1,0,0.0
8,3,0,9,0,1,1,0.0
8,3,0,9,0,1,2,0.0
8,3,0,9,0,1,3,3.4148639999999997
8,3,0,9,0,1,4,0.0
8,3,0,9,0,1,5,1.8379999999999996
9,3,0,9,0,3,0,0.0
9,3,0,9,0,3,1,0.0
9,3,0,9,0,3,2,8.54500000000002
9,3,0,9,0,3,3,3.6127649999999996
9,3,0,9,0,3,4,0.0
9,3,0,9,0,3,5,0.0
10,3,0,9,0,3,0,22.06778721889372
10,3,0,9,0,3,1,0.0
10,3,0,9,0,3,2,0.0
10,3,0,9,0,3,3,0.0
10,3,0,9,0,3,4,0.0
10,3,0,9,0,3,5,9.69160546439954
10,2,0,9,0,0,0,0.0
10,2,0,9,0,0,1,0.0
10,2,0,9,0,0,2,0.0
10,2,0,9,0,0,3,31.312194106859152
10,2,0,9,0,0,4,0.0
10,2,0,9,0,0,5,0.0
11,2,0,9,0,3,0,2.332999999999999
11,2,0,9,0,3,1,0.0
11,2,0,9,0,3,2,0.0
11,2,0,9,0,3,3,56.49678002205576
11,2,0,9,0,3,4,0.0
11,2,0,9,0,3,5,0.0
11,1,0,9,0,0,0,11.156015475167832
11,1,0,9,0,0,1,9.528349301571597
11,1,0,9,0,0,2,58.14737032606975
11,1,0,9,0,0,3,11.808228778481686
11,1,0,9,0,0,4,8.199767999999962
11,1,0,9,0,0,5,14.286589662280903
11,0,0,9,0,0,0,72.87289401776002
11,0,0,9,0,0,1,0.0
11,0,0,9,0,0,2,0.0
11,0,0,9,0,0,3,0.0
11,0,0,9,0,0,4,12.336992923956801
11,0,0,9,0,0,5,0.0
11,19,0,16,0,0,0,65.59526400472583
11,19,0,16,0,0,1,356.075486663421
11,19,0,16,0,0,2,15.875123357763881
11,19,0,16,0,0,3,30.681097406613667
11,19,0,16,0,0,4,74.63498972950198
11,19,0,16,0,0,5,129.75056208182417
11,0,0,9,0,1,0,346.4050959593022
11,0,0,9,0,1,1,22.692448914544606
11,0,0,9,0,1,2,15.230274999999988
11,0,0,9,0,1,3,123.40311442934923
11,0,0,9,0,1,4,22.650424527999988
11,0,0,9,0,1,5,75.9013640235257
10,0,0,9,0,2,0,16.26702600000001
10,0,0,9,0,2,1,7.8709999999999685
10,0,0,9,0,2,2,8.365874999999988
10,0,0,9,0,2,3,28.79097247751966
10,0,0,9,0,2,4,16.88509733696996
10,0,0,9,0,2,5,19.617834362297458
11,0,0,9,0,3,0,216.19373061000258
11,0,0,9,0,3,1,32.104472078649565
11,0,0,9,0,3,2,19.84956844799848
11,0,0,9,0,3,3,31.93055306771896
11,0,0,9,0,3,4,0.0
11,0,0,9,0,3,5,77.27543711500256
11,18,0,16,0,0,0,31.88477007427162
11,18,0,16,0,0,1,33.926658731628365
11,18,0,16,0,0,2,8.042999999999955
11,18,0,16,0,0,3,15.209200999999965
11,18,0,16,0,0,4,167.91307205885448
11,18,0,16,0,0,5,29.239139391303848
11,18,0,16,0,3,0,14.912196999999807
11,18,0,16,0,3,1,7.697999999999983
11,18,0,16,0,3,2,167.79790795368496
11,18,0,16,0,3,3,117.72770210135609
11,18,0,16,0,3,4,12.71811839442527
11,18,0,16,0,3,5,267.478788507132
11,19,0,16,0,1,0,0.0
11,19,0,16,0,1,1,40.227523363333546
11,19,0,16,0,1,2,0.0
11,19,0,16,0,1,3,28.712791235242115
11,19,0,16,0,1,4,40.95184655136815
11,19,0,16,0,1,5,0.0
11,19,0,16,0,3,0,33.13590964125426
11,19,0,16,0,3,1,119.16515924841953
11,19,0,16,0,3,2,9.589560296414138
11,19,0,16,0,3,3,13.8666730860226
11,19,0,16,0,3,4,26.346178863442937
11,19,0,16,0,3,5,0.0
11,1,0,9,0,1,0,0.0
11,1,0,9,0,1,1,8.514999999999992
11,1,0,9,0,1,2,85.28851456872991
11,1,0,9,0,1,3,7.6909999999999785
11,1,0,9,0,1,4,0.0
11,1,0,9,0,1,5,0.0
11,1,0,9,0,3,0,20.168905023956768
11,1,0,9,0,3,1,0.0
11,1,0,9,0,3,2,34.022512913956106
11,1,0,9,0,3,3,7.689999999999978
11,1,0,9,0,3,4,16.129859689999954
11,1,0,9,0,3,5,0.0
10,1,0,9,0,2,0,32.04234036859435
10,1,0,9,0,2,1,21.22066860152455
10,1,0,9,0,2,2,343.2223431665352
10,1,0,9,0,2,3,25.199226591687054
10,1,0,9,0,2,4,44.8321561759345
10,1,0,9,0,2,5,53.23937126920103
10,0,0,9,0,0,0,0.0
10,0,0,9,0,0,1,0.0
10,0,0,9,0,0,2,13.315052723382987
10,0,0,9,0,0,3,50.434615524961856
10,0,0,9,0,0,4,0.0
10,0,0,9,0,0,5,0.0
10,19,0,16,0,0,0,0.0
10,19,0,16,0,0,1,7.87399999999997
10,19,0,16,0,0,2,0.0
10,19,0,16,0,0,3,17.110151705437858
10,19,0,16,0,0,4,0.0
10,19,0,16,0,0,5,0.0
10,0,0,9,0,1,0,0.0
10,0,0,9,0,1,1,0.0
10,0,0,9,0,1,2,0.0
10,0,0,9,0,1,3,9.68138267143989
10,0,0,9,0,1,4,0.0
10,0,0,9,0,1,5,0.0
10,1,0,9,0,1,0,0.0
10,1,0,9,0,1,1,7.869999999999968
10,1,0,9,0,1,2,0.0
10,1,0,9,0,1,3,0.0
10,1,0,9,0,1,4,0.0
10,1,0,9,0,1,5,0.0
10,2,0,9,0,1,0,7.075999999999919
10,2,0,9,0,1,1,9.061805778237968
10,2,0,9,0,1,2,7.867999999999967
10,2,0,9,0,1,3,0.0
10,2,0,9,0,1,4,141.34562275627252
10,2,0,9,0,1,5,2.8717014670309964
9,2,0,9,0,2,0,9.238535999999998
9,2,0,9,0,2,1,16.278034999999992
9,2,0,9,0,2,2,0.0
9,2,0,9,0,2,3,0.0
9,2,0,9,0,2,4,0.0
9,2,0,9,0,2,5,16.324132999999968
9,3,0,9,0,1,0,7.864999999999966
9,3,0,9,0,1,1,0.0
9,3,0,9,0,1,2,0.0
9,3,0,9,0,1,3,9.69660546439954
9,3,0,9,0,1,4,0.0
9,3,0,9,0,1,5,0.0
9,2,0,9,0,0,0,0.0
9,2,0,9,0,0,1,0.0
9,2,0,9,0,0,2,8.635203641000002
9,2,0,9,0,0,3,7.863999999999965
9,2,0,9,0,0,4,19.365036293478404
9,2,0,9,0,0,5,17.674302464
10,2,0,9,0,3,0,0.0
10,2,0,9,0,3,1,32.00947340240241
10,2,0,9,0,3,2,0.0
10,2,0,9,0,3,3,8.093966999999964
10,2,0,9,0,3,4,0.0
10,2,0,9,0,3,5,0.0
12,2,0,9,0,3,0,20.878523851915848
12,2,0,9,0,3,1,10.45193700000003
12,2,0,9,0,3,2,54.841084634496596
12,2,0,9,0,3,3,8.569999999999995
12,2,0,9,0,3,4,23.80093385709376
12,2,0,9,0,3,5,61.372934416702606
11,2,0,9,0,2,0,41.0898520582915
11,2,0,9,0,2,1,0.0
11,2,0,9,0,2,2,32.877715341410855
11,2,0,9,0,2,3,37.14687862924505
11,2,0,9,0,2,4,0.0
11,2,0,9,0,2,5,8.176087514808483
10,18,0,16,0,2,0,0.0
10,18,0,16,0,2,1,34.84666694937599
10,18,0,16,0,2,2,64.12102842319516
10,18,0,16,0,2,3,83.51131610226224
10,18,0,16,0,2,4,481.592299448436
10,18,0,16,0,2,5,102.3981016296539
10,19,0,16,0,1,0,61.571820884021626
10,19,0,16,0,1,1,0.0
10,19,0,16,0,1,2,0.0
10,19,0,16,0,1,3,0.0
10,19,0,16,0,1,4,0.0
10,19,0,16,0,1,5,0.0
10,18,0,16,0,0,0,17.410029832999996
10,18,0,16,0,0,1,0.0
10,18,0,16,0,0,2,64.10323777840831
10,18,0,16,0,0,3,15.429430771052257
10,18,0,16,0,0,4,8.03599999999995
10,18,0,16,0,0,5,147.28660642264657
10,17,0,16,0,0,0,16.79757
10,17,0,16,0,0,1,0.0
10,17,0,16,0,0,2,0.0
10,17,0,16,0,0,3,0.0
10,17,0,16,0,0,4,0.0
10,17,0,16,0,0,5,33.160894522867004
10,16,0,16,0,0,0,0.0
10,16,0,16,0,0,1,0.0
10,16,0,16,0,0,2,17.823512826999995
10,16,0,16,0,0,3,0.0
10,16,0,16,0,0,4,17.9302853300001
10,16,0,16,0,0,5,0.0
9,16,0,16,0,2,0,0.0
9,16,0,16,0,2,1,26.503461102272937
9,16,0,16,0,2,2,0.0
9,16,0,16,0,2,3,0.0
9,16,0,16,0,2,4,0.0
9,16,0,16,0,2,5,8.328999999999947
9,17,0,16,0,1,0,9.666994321000047
9,17,0,16,0,1,1,25.42864042699982
9,17,0,16,0,1,2,8.611999999999938
9,17,0,16,0,1,3,8.425999999999945
9,17,0,16,0,1,4,0.0
9,17,0,16,0,1,5,0.0
10,17,0,16,0,3,0,0.0
10,17,0,16,0,3,1,0.0
10,17,0,16,0,3,2,0.0
10,17,0,16,0,3,3,8.524999999999945
10,17,0,16,0,3,4,0.0
10,17,0,16,0,3,5,0.0
11,17,0,16,0,3,0,0.0
11,17,0,16,0,3,1,0.0
11,17,0,16,0,3,2,8.523999999999944
11,17,0,16,0,3,3,0.0
11,17,0,16,0,3,4,0.0
11,17,0,16,0,3,5,0.0
10,17,0,16,0,2,0,0.0
10,17,0,16,0,2,1,0.0
10,17,0,16,0,2,2,8.522999999999945
10,17,0,16,0,2,3,0.0
10,17,0,16,0,2,4,0.0
10,17,0,16,0,2,5,0.0
9,17,0,16,0,2,0,8.521999999999943
9,17,0,16,0,2,1,0.0
9,17,0,16,0,2,2,0.0
9,17,0,16,0,2,3,0.0
9,17,0,16,0,2,4,0.0
9,17,0,16,0,2,5,0.0
9,16,0,16,0,0,0,0.0
9,16,0,16,0,0,1,0.0
9,16,0,16,0,0,2,8.820000000000055
9,16,0,16,0,0,3,8.518999999999942
9,16,0,16,0,0,4,8.520999999999942
9,16,0,16,0,0,5,35.49932507937352
10,16,0,16,0,3,0,0.0
10,16,0,16,0,3,1,0.0
10,16,0,16,0,3,2,9.350371999999934
10,16,0,16,0,3,3,0.0
10,16,0,16,0,3,4,0.0
10,16,0,16,0,3,5,17.026481999999884
8,17,0,16,0,2,0,8.710999999999938
8,17,0,16,0,2,1,0.0
8,17,0,16,0,2,2,0.0
8,17,0,16,0,2,3,0.0
8,17,0,16,0,2,4,0.0
8,17,0,16,0,2,5,0.0
8,16,0,16,0,0,0,8.809999999999937
8,16,0,16,0,0,1,0.0
8,16,0,16,0,0,2,0.0
8,16,0,16,0,0,3,0.0
8,16,0,16,0,0,4,0.0
8,16,0,16,0,0,5,0.0
8,15,0,16,0,0,0,17.803991999999873
8,15,0,16,0,0,1,0.0
8,15,0,16,0,0,2,0.0
8,15,0,16,0,0,3,8.995000000000056
8,15,0,16,0,0,4,0.0
8,15,0,16,0,0,5,0.0
8,14,0,16,0,0,0,8.907999999999936
8,14,0,16,0,0,1,8.906999999999936
8,14,0,16,0,0,2,0.0
8,14,0,16,0,0,3,9.002999999999934
8,14,0,16,0,0,4,0.0
8,14,0,16,0,0,5,0.0
8,15,0,16,0,1,0,0.0
8,15,0,16,0,1,1,19.95931210900006
8,15,0,16,0,1,2,0.0
8,15,0,16,0,1,3,0.0
8,15,0,16,0,1,4,0.0
8,15,0,16,0,1,5,0.0
8,16,0,16,0,1,0,9.78699099999993
8,16,0,16,0,1,1,0.0
8,16,0,16,0,1,2,11.070000000000126
8,16,0,16,0,1,3,0.0
8,16,0,16,0,1,4,0.0
8,16,0,16,0,1,5,0.0
9,14,0,16,0,3,0,0.0
9,14,0,16,0,3,1,0.0
9,14,0,16,0,3,2,0.0
9,14,0,16,0,3,3,9.101999999999933
9,14,0,16,0,3,4,0.0
9,14,0,16,0,3,5,0.0
10,14,0,16,0,3,0,0.0
10,14,0,16,0,3,1,0.0
10,14,0,16,0,3,2,0.0
10,14,0,16,0,3,3,39.45867326698396
10,14,0,16,0,3,4,0.0
10,14,0,16,0,3,5,0.0
11,14,0,16,0,3,0,0.0
11,14,0,16,0,3,1,18.77550299999985
11,14,0,16,0,3,2,122.11357343234121
11,14,0,16,0,3,3,18.389799999999866
11,14,0,16,0,3,4,21.0690270176134
11,14,0,16,0,3,5,0.0
11,15,0,16,0,1,0,0.0
11,15,0,16,0,1,1,9.396999999999931
11,15,0,16,0,1,2,12.291206518905899
11,15,0,16,0,1,3,0.0
11,15,0,16,0,1,4,0.0
11,15,0,16,0,1,5,10.406302999999914
11,16,0,16,0,1,0,18.44016030761129
11,16,0,16,0,1,1,0.0
11,16,0,16,0,1,2,0.0
11,16,0,16,0,1,3,0.0
11,16,0,16,0,1,4,0.0
11,16,0,16,0,1,5,0.0
11,15,0,16,0,0,0,0.0
11,15,0,16,0,0,1,0.0
11,15,0,16,0,0,2,33.145753890941606
11,15,0,16,0,0,3,0.0
11,15,0,16,0,0,4,0.0
11,15,0,16,0,0,5,0.0
10,15,0,16,0,2,0,19.662027502518157
10,15,0,16,0,2,1,7.989999999999968
10,15,0,16,0,2,2,17.299328999999712
10,15,0,16,0,2,3,17.4714586939999
10,15,0,16,0,2,4,116.24362252206888
10,15,0,16,0,2,5,12.305206518905905
11,15,0,16,0,3,0,0.0
11,15,0,16,0,3,1,8.823203999999963
11,15,0,16,0,3,2,35.919147188406804
11,15,0,16,0,3,3,9.01975869399996
11,15,0,16,0,3,4,8.926758693999963
11,15,0,16,0,3,5,0.0
10,14,0,16,0,0,0,31.729286964233744
10,14,0,16,0,0,1,0.0
10,14,0,16,0,0,2,0.0
10,14,0,16,0,0,3,115.89227921605473
10,14,0,16,0,0,4,25.31856886134061
10,14,0,16,0,0,5,23.590753082254324
10,14,0,16,0,2,0,91.22901610472641
10,14,0,16,0,2,1,26.101771631014138
10,14,0,16,0,2,2,26.663905763709558
10,14,0,16,0,2,3,19.200913894816207
10,14,0,16,0,2,4,0.0
10,14,0,16,0,2,5,0.0
9,15,0,16,0,2,0,45.8041769641441
9,15,0,16,0,2,1,0.0
9,15,0,16,0,2,2,0.0
9,15,0,16,0,2,3,0.0
9,15,0,16,0,2,4,0.0
9,15,0,16,0,2,5,0.0
9,14,0,16,0,0,0,82.37686531319568
9,14,0,16,0,0,1,17.13929756017756
9,14,0,16,0,0,2,46.154657096614336
9,14,0,16,0,0,3,19.003004497080667
9,14,0,16,0,0,4,327.8636199226981
9,14,0,16,0,0,5,102.71028038232512
8,14,0,16,0,2,0,0.0
8,14,0,16,0,2,1,11.861694000000119
8,14,0,16,0,2,2,36.33566759327988
8,14,0,16,0,2,3,0.0
8,14,0,16,0,2,4,9.341032999999905
8,14,0,16,0,2,5,0.0
7,14,0,16,0,2,0,0.0
7,14,0,16,0,2,1,0.0
7,14,0,16,0,2,2,82.31154478508005
7,14,0,16,0,2,3,0.0
7,14,0,16,0,2,4,0.0
7,14,0,16,0,2,5,0.0
6,14,0,16,0,2,0,30.222809038665726
6,14,0,16,0,2,1,8.573999999999764
6,14,0,16,0,2,2,18.53483999999982
6,14,0,16,0,2,3,11.837871434950678
6,14,0,16,0,2,4,433.2640141647731
6,14,0,16,0,2,5,9.764999999999915
5,14,0,16,0,2,0,0.0
5,14,0,16,0,2,1,18.73174199999982
5,14,0,16,0,2,2,11.38000000000013
5,14,0,16,0,2,3,0.0
5,14,0,16,0,2,4,0.0
5,14,0,16,0,2,5,55.79945179162446
5,15,0,16,0,1,0,0.0
5,15,0,16,0,1,1,0.0
5,15,0,16,0,1,2,0.0
5,15,0,16,0,1,3,19.91339135699981
5,15,0,16,0,1,4,0.0
5,15,0,16,0,1,5,9.95899999999991
6,15,0,16,0,3,0,0.0
6,15,0,16,0,3,1,8.959999999999901
6,15,0,16,0,3,2,10.05499999999991
6,15,0,16,0,3,3,0.0
6,15,0,16,0,3,4,12.609495834477228
6,15,0,16,0,3,5,99.39126733548797
5,15,0,16,0,2,0,0.0
5,15,0,16,0,2,1,18.92564699999967
5,15,0,16,0,2,2,0.0
5,15,0,16,0,2,3,0.0
5,15,0,16,0,2,4,0.0
5,15,0,16,0,2,5,0.0
5,16,0,16,0,1,0,12.051691621941956
5,16,0,16,0,1,1,0.0
5,16,0,16,0,1,2,46.89473573018388
5,16,0,16,0,1,3,0.0
5,16,0,16,0,1,4,0.0
5,16,0,16,0,1,5,9.786046999999755
4,16,0,16,0,2,0,10.349999999999907
4,16,0,16,0,2,1,0.0
4,16,0,16,0,2,2,0.0
4,16,0,16,0,2,3,0.0
4,16,0,16,0,2,4,20.492747999999814
4,16,0,16,0,2,5,0.0
4,15,0,16,0,0,0,10.448999999999906
4,15,0,16,0,0,1,0.0
4,15,0,16,0,0,2,0.0
4,15,0,16,0,0,3,0.0
4,15,0,16,0,0,4,0.0
4,15,0,16,0,0,5,0.0
4,14,0,16,0,0,0,0.0
4,14,0,16,0,0,1,0.0
4,14,0,16,0,0,2,0.0
4,14,0,16,0,0,3,10.447999999999906
4,14,0,16,0,0,4,0.0
4,14,0,16,0,0,5,0.0
5,14,0,16,0,3,0,10.546999999999905
5,14,0,16,0,3,1,0.0
5,14,0,16,0,3,2,15.833295227879061
5,14,0,16,0,3,3,0.0
5,14,0,16,0,3,4,0.0
5,14,0,16,0,3,5,0.0
5,13,0,16,0,0,0,20.282433742999615
5,13,0,16,0,0,1,0.0
5,13,0,16,0,0,2,0.0
5,13,0,16,0,0,3,0.0
5,13,0,16,0,0,4,0.0
5,13,0,16,0,0,5,0.0
5,12,0,16,0,0,0,0.0
5,12,0,16,0,0,1,0.0
5,12,0,16,0,0,2,0.0
5,12,0,16,0,0,3,27.954418041999418
5,12,0,16,0,0,4,0.0
5,12,0,16,0,0,5,0.0
6,12,0,16,0,3,0,0.0
6,12,0,16,0,3,1,38.07708282685948
6,12,0,16,0,3,2,0.0
6,12,0,16,0,3,3,12.768181132000102
6,12,0,16,0,3,4,22.50570959305892
6,12,0,16,0,3,5,12.841109593059006
6,13,0,16,0,1,0,0.0
6,13,0,16,0,1,1,0.0
6,13,0,16,0,1,2,39.00167754503539
6,13,0,16,0,1,3,0.0
6,13,0,16,0,1,4,0.0
6,13,0,16,0,1,5,12.834722889960005
5,13,0,16,0,2,0,0.0
5,13,0,16,0,2,1,0.0
5,13,0,16,0,2,2,0.0
5,13,0,16,0,2,3,45.055098575689584
5,13,0,16,0,2,4,0.0
5,13,0,16,0,2,5,0.0
6,13,0,16,0,3,0,0.0
6,13,0,16,0,3,1,19.343060999999686
6,13,0,16,0,3,2,0.0
6,13,0,16,0,3,3,28.57555329699985
6,13,0,16,0,3,4,11.949963039000034
6,13,0,16,0,3,5,0.0
6,14,0,16,0,1,0,0.0
6,14,0,16,0,1,1,0.0
6,14,0,16,0,1,2,0.0
6,14,0,16,0,1,3,19.54181592480095
6,14,0,16,0,1,4,0.0
6,14,0,16,0,1,5,0.0
7,14,0,16,0,3,0,0.0
7,14,0,16,0,3,1,0.0
7,14,0,16,0,3,2,54.806740123620784
7,14,0,16,0,3,3,0.0
7,14,0,16,0,3,4,0.0
7,14,0,16,0,3,5,0.0
6,13,0,16,0,0,0,28.312566233999586
6,13,0,16,0,0,1,0.0
6,13,0,16,0,0,2,12.339426186861001
6,13,0,16,0,0,3,0.0
6,13,0,16,0,0,4,0.0
6,13,0,16,0,0,5,0.0
6,12,0,16,0,0,0,0.0
6,12,0,16,0,0,1,0.0
6,12,0,16,0,0,2,8.419999999999787
6,12,0,16,0,0,3,20.1888659999998
6,12,0,16,0,0,4,0.0
6,12,0,16,0,0,5,10.319697733999767
7,12,0,16,0,3,0,0.0
7,12,0,16,0,3,1,0.0
7,12,0,16,0,3,2,0.0
7,12,0,16,0,3,3,31.209785430999922
7,12,0,16,0,3,4,0.0
7,12,0,16,0,3,5,54.18154774306105
8,12,0,16,0,3,0,0.0
8,12,0,16,0,3,1,0.0
8,12,0,16,0,3,2,0.0
8,12,0,16,0,3,3,30.556271099999933
8,12,0,16,0,3,4,0.0
8,12,0,16,0,3,5,11.032999999999898
9,12,0,16,0,3,0,11.230999999999897
9,12,0,16,0,3,1,11.015000000000123
9,12,0,16,0,3,2,0.0
9,12,0,16,0,3,3,9.550999999999897
9,12,0,16,0,3,4,0.0
9,12,0,16,0,3,5,0.0
9,11,0,16,0,0,0,0.0
9,11,0,16,0,0,1,0.0
9,11,0,16,0,0,2,21.156570999999786
9,11,0,16,0,0,3,0.0
9,11,0,16,0,0,4,0.0
9,11,0,16,0,0,5,10.860669999999882
8,11,0,16,0,2,0,0.0
8,11,0,16,0,2,1,0.0
8,11,0,16,0,2,2,0.0
8,11,0,16,0,2,3,21.164372999999784
8,11,0,16,0,2,4,0.0
8,11,0,16,0,2,5,0.0
9,11,0,16,0,3,0,21.360373999999783
9,11,0,16,0,3,1,0.0
9,11,0,16,0,3,2,0.0
9,11,0,16,0,3,3,0.0
9,11,0,16,0,3,4,11.327999999999896
9,11,0,16,0,3,5,10.967272999999878
9,10,0,16,0,0,0,21.55827499999978
9,10,0,16,0,0,1,0.0
9,10,0,16,0,0,2,0.0
9,10,0,16,0,0,3,0.0
9,10,0,16,0,0,4,0.0
9,10,0,16,0,0,5,0.0
9,9,0,16,0,0,0,0.0
9,9,0,16,0,0,1,0.0
9,9,0,16,0,0,2,32.61284392199987
9,9,0,16,0,0,3,0.0
9,9,0,16,0,0,4,0.0
9,9,0,16,0,0,5,0.0
8,9,0,16,0,2,0,0.0
8,9,0,16,0,2,1,32.777017020999864
8,9,0,16,0,2,2,16.39774471890146
8,9,0,16,0,2,3,0.0
8,9,0,16,0,2,4,0.0
8,9,0,16,0,2,5,11.623999999999894
8,10,0,16,0,1,0,46.53836405206804
8,10,0,16,0,1,1,0.0
8,10,0,16,0,1,2,0.0
8,10,0,16,0,1,3,0.0
8,10,0,16,0,1,4,0.0
8,10,0,16,0,1,5,0.0
8,9,0,16,0,0,0,11.820999999999891
8,9,0,16,0,0,1,0.0
8,9,0,16,0,0,2,62.088700832496464
8,9,0,16,0,0,3,10.710000000000079
8,9,0,16,0,0,4,14.337915741609363
8,9,0,16,0,0,5,14.342915741609364
8,8,0,16,0,0,0,145.96928576982936
8,8,0,16,0,0,1,0.0
8,8,0,16,0,0,2,0.0
8,8,0,16,0,0,3,18.253030005510702
8,8,0,16,0,0,4,0.0
8,8,0,16,0,0,5,0.0
8,7,0,16,0,0,0,70.9281904249904
8,7,0,16,0,0,1,62.583260631443444
8,7,0,16,0,0,2,156.20108524794585
8,7,0,16,0,0,3,77.88994822296141
8,7,0,16,0,0,4,227.28428381614214
8,7,0,16,0,0,5,450.13036169339244
9,7,0,16,0,3,0,153.21896090562393
9,7,0,16,0,3,1,0.0
9,7,0,16,0,3,2,0.0
9,7,0,16,0,3,3,22.880746517156055
9,7,0,16,0,3,4,0.0
9,7,0,16,0,3,5,0.0
9,7,0,16,0,0,0,497.0793982000351
9,7,0,16,0,0,1,104.29782560308816
9,7,0,16,0,0,2,60.655395187818804
9,7,0,16,0,0,3,61.93573019673774
9,7,0,16,0,0,4,308.8486281622365
9,7,0,16,0,0,5,265.3214803627001
10,7,0,16,0,3,0,42.43596167434778
10,7,0,16,0,3,1,0.0
10,7,0,16,0,3,2,102.81545665174603
10,7,0,16,0,3,3,112.77971403441245
10,7,0,16,0,3,4,214.87653756652458
10,7,0,16,0,3,5,68.8921998126536
10,7,0,16,0,0,0,51.97226162254988
10,7,0,16,0,0,1,39.83834338520616
10,7,0,16,0,0,2,31.590029411812132
10,7,0,16,0,0,3,42.32054781086847
10,7,0,16,0,0,4,29.248445219567387
10,7,0,16,0,0,5,129.53433599976674
10,8,0,16,0,1,0,0.0
10,8,0,16,0,1,1,13.287999999999961
10,8,0,16,0,1,2,0.0
10,8,0,16,0,1,3,29.0603071934978
10,8,0,16,0,1,4,64.81621586104664
10,8,0,16,0,1,5,0.0
10,8,0,16,0,3,0,67.98788480777864
10,8,0,16,0,3,1,0.0
10,8,0,16,0,3,2,13.283999999999963
10,8,0,16,0,3,3,0.0
10,8,0,16,0,3,4,27.03342119075057
10,8,0,16,0,3,5,0.0
9,7,0,16,0,2,0,32.75426103349642
9,7,0,16,0,2,1,41.04946071983507
9,7,0,16,0,2,2,27.021797019632153
9,7,0,16,0,2,3,68.36557392936933
9,7,0,16,0,2,4,192.57098747945517
9,7,0,16,0,2,5,61.046017872087525
8,7,0,16,0,2,0,0.0
8,7,0,16,0,2,1,17.20557354315306
8,7,0,16,0,2,2,149.27206916190895
8,7,0,16,0,2,3,0.0
8,7,0,16,0,2,4,0.0
8,7,0,16,0,2,5,29.150505698084594
7,7,0,16,0,2,0,482.7668041372371
7,7,0,16,0,2,1,43.46255415953643
7,7,0,16,0,2,2,172.21607329214672
7,7,0,16,0,2,3,57.18947779357936
7,7,0,16,0,2,4,225.8048052158941
7,7,0,16,0,2,5,39.8017504904569
7,7,0,16,0,0,0,139.10753682926156
7,7,0,16,0,0,1,40.31387480722051
7,7,0,16,0,0,2,464.7947369101346
7,7,0,16,0,0,3,126.83405091830754
7,7,0,16,0,0,4,75.89052603471711
7,7,0,16,0,0,5,150.2921028826384
8,7,0,16,0,3,0,213.42061008466948
8,7,0,16,0,3,1,34.75613556747564
8,7,0,16,0,3,2,16.99038021552087
8,7,0,16,0,3,3,0.0
8,7,0,16,0,3,4,28.99361371013299
8,7,0,16,0,3,5,23.48756678928905
9,8,0,16,0,1,0,94.83269417353557
9,8,0,16,0,1,1,0.0
9,8,0,16,0,1,2,39.24338387857174
9,8,0,16,0,1,3,29.13811016625062
9,8,0,16,0,1,4,22.21481038662752
9,8,0,16,0,1,5,264.8020357024075
8,8,0,16,0,2,0,0.0
8,8,0,16,0,2,1,50.891375126981785
8,8,0,16,0,2,2,0.0
8,8,0,16,0,2,3,0.0
8,8,0,16,0,2,4,15.024952625799632
8,8,0,16,0,2,5,0.0
8,9,0,16,0,1,0,81.62097531122443
8,9,0,16,0,1,1,0.0
8,9,0,16,0,1,2,13.493000000000047
8,9,0,16,0,1,3,0.0
8,9,0,16,0,1,4,16.087195687147023
8,9,0,16,0,1,5,0.0
7,8,0,16,0,1,0,0.0
7,8,0,16,0,1,1,167.90934206466738
7,8,0,16,0,1,2,0.0
7,8,0,16,0,1,3,14.022949810182821
7,8,0,16,0,1,4,15.709652927000334
7,8,0,16,0,1,5,0.0
7,9,0,16,0,1,0,46.34420395030275
7,9,0,16,0,1,1,22.904427909803296
7,9,0,16,0,1,2,1260.76467546581
7,9,0,16,0,1,3,25.047292924135828
7,9,0,16,0,1,4,0.0
7,9,0,16,0,1,5,21.00726498962759
7,8,0,16,0,0,0,104.38981819590711
7,8,0,16,0,0,1,0.0
7,8,0,16,0,0,2,136.18811603987885
7,8,0,16,0,0,3,13.495000000000045
7,8,0,16,0,0,4,14.696973999999981
7,8,0,16,0,0,5,0.0
6,8,0,16,0,2,0,100.32618048680128
6,8,0,16,0,2,1,210.2449856921119
6,8,0,16,0,2,2,75.45244916692864
6,8,0,16,0,2,3,96.10932358630137
6,8,0,16,0,2,4,262.9883896429826
6,8,0,16,0,2,5,61.8334229592839
6,8,0,16,0,0,0,3472.1401442184483
6,8,0,16,0,0,1,1391.822781198466
6,8,0,16,0,0,2,560.2976128842569
6,8,0,16,0,0,3,370.3092469047628
6,8,0,16,0,0,4,2138.6324712619953
6,8,0,16,0,0,5,2433.704661107148
5,8,0,16,0,2,0,78.29555404358746
5,8,0,16,0,2,1,1217.7355078294804
5,8,0,16,0,2,2,18.5654978828485
5,8,0,16,0,2,3,0.0
5,8,0,16,0,2,4,25.77753959392125
5,8,0,16,0,2,5,75.44744916692865
5,8,0,16,0,0,0,389.1627738996117
5,8,0,16,0,0,1,141.97474626707105
5,8,0,16,0,0,2,1096.495244510798
5,8,0,16,0,0,3,286.86072114898445
5,8,0,16,0,0,4,22.662844105640247
5,8,0,16,0,0,5,80.93477188627156
4,8,0,16,0,2,0,45.86852950320501
4,8,0,16,0,2,1,102.90926298943272
4,8,0,16,0,2,2,38.42616748195856
4,8,0,16,0,2,3,1790.1967526978583
4,8,0,16,0,2,4,101.77953831117588
4,8,0,16,0,2,5,189.44453702155016
4,8,0,16,0,0,0,80.80811933685524
4,8,0,16,0,0,1,0.0
4,8,0,16,0,0,2,73.74560086331952
4,8,0,16,0,0,3,796.044523845699
4,8,0,16,0,0,4,71.36408378965392
4,8,0,16,0,0,5,68.37142746170541
3,8,0,16,0,2,0,12.910999999999849
3,8,0,16,0,2,1,10.890000000000205
3,8,0,16,0,2,2,0.0
3,8,0,16,0,2,3,178.2106330584312
3,8,0,16,0,2,4,20.08920219281065
3,8,0,16,0,2,5,0.0
3,8,0,16,0,0,0,0.0
3,8,0,16,0,0,1,0.0
3,8,0,16,0,0,2,27.826457773099023
3,8,0,16,0,0,3,0.0
3,8,0,16,0,0,4,0.0
3,8,0,16,0,0,5,0.0
2,8,0,16,0,2,0,120.1837241769915
2,8,0,16,0,2,1,37.97408161719993
2,8,0,16,0,2,2,14.553522702379153
2,8,0,16,0,2,3,13.000999999999857
2,8,0,16,0,2,4,0.0
2,8,0,16,0,2,5,33.7071833297411
2,8,0,16,0,0,0,18.331605105245956
2,8,0,16,0,0,1,0.0
2,8,0,16,0,0,2,124.7830952988543
2,8,0,16,0,0,3,12.092000000000201
2,8,0,16,0,0,4,34.75310895967421
2,8,0,16,0,0,5,16.107475692099158
3,8,0,16,0,3,0,0.0
3,8,0,16,0,3,1,0.0
3,8,0,16,0,3,2,0.0
3,8,0,16,0,3,3,58.907810700337365
3,8,0,16,0,3,4,0.0
3,8,0,16,0,3,5,0.0
4,8,0,16,0,3,0,22.19098402481086
4,8,0,16,0,3,1,91.03145434314334
4,8,0,16,0,3,2,44.87647531371975
4,8,0,16,0,3,3,61.854636470276716
4,8,0,16,0,3,4,121.26164169024489
4,8,0,16,0,3,5,430.0480942514833
4,9,0,16,0,1,0,117.86138707700547
4,9,0,16,0,1,1,28.150686287240863
4,9,0,16,0,1,2,15.527227842098405
4,9,0,16,0,1,3,95.04676181603723
4,9,0,16,0,1,4,34.685170345921975
4,9,0,16,0,1,5,252.45040723678702
4,9,0,16,0,3,0,37.98584841686316
4,9,0,16,0,3,1,215.60779303404433
4,9,0,16,0,3,2,197.3660240280874
4,9,0,16,0,3,3,76.87355904058379
4,9,0,16,0,3,4,721.320951908993
4,9,0,16,0,3,5,208.0164806722754
4,10,0,16,0,1,0,42.37929675991961
4,10,0,16,0,1,1,13.272999999999882
4,10,0,16,0,1,2,0.0
4,10,0,16,0,1,3,13.382000000000147
4,10,0,16,0,1,4,0.0
4,10,0,16,0,1,5,14.880061987240783
4,11,0,16,0,1,0,13.271999999999885
4,11,0,16,0,1,1,0.0
4,11,0,16,0,1,2,0.0
4,11,0,16,0,1,3,0.0
4,11,0,16,0,1,4,0.0
4,11,0,16,0,1,5,0.0
4,10,0,16,0,0,0,28.963368329474086
4,10,0,16,0,0,1,0.0
4,10,0,16,0,0,2,0.0
4,10,0,16,0,0,3,0.0
4,10,0,16,0,0,4,0.0
4,10,0,16,0,0,5,0.0
4,9,0,16,0,0,0,52.06533666135406
4,9,0,16,0,0,1,0.0
4,9,0,16,0,0,2,0.0
4,9,0,16,0,0,3,142.31400587621607
4,9,0,16,0,0,4,13.968034684415674
4,9,0,16,0,0,5,0.0
5,8,0,16,0,3,0,392.1985605885203
5,8,0,16,0,3,1,952.9226727431793
5,8,0,16,0,3,2,384.9082377509137
5,8,0,16,0,3,3,130.10426834872763
5,8,0,16,0,3,4,1539.9500299233503
5,8,0,16,0,3,5,2605.8701924513225
6,8,0,16,0,3,0,1874.106595488181
6,8,0,16,0,3,1,0.0
6,8,0,16,0,3,2,227.0036177344801
6,8,0,16,0,3,3,13.250999999999904
6,8,0,16,0,3,4,15.258943550804586
6,8,0,16,0,3,5,23.05286528533552
7,8,0,16,0,3,0,61.92513309217821
7,8,0,16,0,3,1,628.1087045658056
7,8,0,16,0,3,2,33.57585941439112
7,8,0,16,0,3,3,12.591986373027636
7,8,0,16,0,3,4,63.85800067192997
7,8,0,16,0,3,5,64.7888500948487
8,8,0,16,0,1,0,75.75242694035047
8,8,0,16,0,1,1,0.0
8,8,0,16,0,1,2,11.080000000000098
8,8,0,16,0,1,3,37.153365272533335
8,8,0,16,0,1,4,195.57023397499344
8,8,0,16,0,1,5,0.0
9,8,0,16,0,3,0,123.39977976934344
9,8,0,16,0,3,1,13.25700000000026
9,8,0,16,0,3,2,0.0
9,8,0,16,0,3,3,0.0
9,8,0,16,0,3,4,18.248030005510703
9,8,0,16,0,3,5,0.0
10,9,0,16,0,1,0,0.0
10,9,0,16,0,1,1,0.0
10,9,0,16,0,1,2,13.286999999999962
10,9,0,16,0,1,3,0.0
10,9,0,16,0,1,4,0.0
10,9,0,16,0,1,5,0.0
9,9,0,16,0,2,0,13.285999999999962
9,9,0,16,0,2,1,0.0
9,9,0,16,0,2,2,0.0
9,9,0,16,0,2,3,0.0
9,9,0,16,0,2,4,0.0
9,9,0,16,0,2,5,0.0
9,8,0,16,0,0,0,28.68441016471349
9,8,0,16,0,0,1,0.0
9,8,0,16,0,0,2,0.0
9,8,0,16,0,0,3,16.15562119075032
9,8,0,16,0,0,4,0.0
9,8,0,16,0,0,5,0.0
9,8,0,16,0,2,0,0.0
9,8,0,16,0,2,1,0.0
9,8,0,16,0,2,2,14.504659999999951
9,8,0,16,0,2,3,0.0
9,8,0,16,0,2,4,0.0
9,8,0,16,0,2,5,0.0
6,9,0,16,0,2,0,2479.4577956024086
6,9,0,16,0,2,1,474.4402502458505
6,9,0,16,0,2,2,283.5682678603223
6,9,0,16,0,2,3,0.0
6,9,0,16,0,2,4,711.4512773835169
6,9,0,16,0,2,5,463.7260442484027
6,10,0,16,0,1,0,45.68388317306362
6,10,0,16,0,1,1,0.0
6,10,0,16,0,1,2,13.507000000000033
6,10,0,16,0,1,3,0.0
6,10,0,16,0,1,4,89.65716806723565
6,10,0,16,0,1,5,0.0
6,9,0,16,0,0,0,65.29154865002539
6,9,0,16,0,0,1,0.0
6,9,0,16,0,0,2,14.795232999999982
6,9,0,16,0,0,3,27.06798992107511
6,9,0,16,0,0,4,95.46941889274814
6,9,0,16,0,0,5,13.464999999999982
5,8,0,16,0,1,0,1069.4718379602823
5,8,0,16,0,1,1,1772.5906391394265
5,8,0,16,0,1,2,533.4858105236708
5,8,0,16,0,1,3,832.9481880204303
5,8,0,16,0,1,4,830.3176580263524
5,8,0,16,0,1,5,1143.467908100687
6,9,0,16,0,1,0,2397.9841467362303
6,9,0,16,0,1,1,46.434637011528494
6,9,0,16,0,1,2,0.0
6,9,0,16,0,1,3,13.448999999999996
6,9,0,16,0,1,4,96.51824478207888
6,9,0,16,0,1,5,290.0132474437153
7,9,0,16,0,3,0,29.304044825000013
7,9,0,16,0,3,1,0.0
7,9,0,16,0,3,2,124.28476747232611
7,9,0,16,0,3,3,0.0
7,9,0,16,0,3,4,0.0
7,9,0,16,0,3,5,0.0
5,10,0,16,0,2,0,13.506000000000036
5,10,0,16,0,2,1,0.0
5,10,0,16,0,2,2,0.0
5,10,0,16,0,2,3,0.0
5,10,0,16,0,2,4,0.0
5,10,0,16,0,2,5,0.0
5,10,0,16,0,0,0,53.56139988149549
5,10,0,16,0,0,1,0.0
5,10,0,16,0,0,2,0.0
5,10,0,16,0,0,3,27.143228577295154
5,10,0,16,0,0,4,0.0
5,10,0,16,0,0,5,18.679578588268207
6,10,0,16,0,3,0,37.49482317306375
6,10,0,16,0,3,1,0.0
6,10,0,16,0,3,2,0.0
6,10,0,16,0,3,3,0.0
6,10,0,16,0,3,4,14.988628577295124
6,10,0,16,0,3,5,0.0
8,8,0,16,0,3,0,0.0
8,8,0,16,0,3,1,31.847977880633458
8,8,0,16,0,3,2,16.322092803084452
8,8,0,16,0,3,3,0.0
8,8,0,16,0,3,4,0.0
8,8,0,16,0,3,5,12.586986373027637
7,9,0,16,0,2,0,93.03189596356732
7,9,0,16,0,2,1,11.962796790344296
7,9,0,16,0,2,2,0.0
7,9,0,16,0,2,3,0.0
7,9,0,16,0,2,4,0.0
7,9,0,16,0,2,5,0.0
5,10,0,16,0,3,0,14.717995000000153
5,10,0,16,0,3,1,0.0
5,10,0,16,0,3,2,0.0
5,10,0,16,0,3,3,0.0
5,10,0,16,0,3,4,0.0
5,10,0,16,0,3,5,0.0
9,9,0,16,0,1,0,14.855406497884545
9,9,0,16,0,1,1,0.0
9,9,0,16,0,1,2,0.0
9,9,0,16,0,1,3,0.0
9,9,0,16,0,1,4,0.0
9,9,0,16,0,1,5,0.0
8,9,0,16,0,3,0,21.60295882964969
8,9,0,16,0,3,1,14.441284797319497
8,9,0,16,0,3,2,0.0
8,9,0,16,0,3,3,0.0
8,9,0,16,0,3,4,0.0
8,9,0,16,0,3,5,0.0
8,10,0,9,0,2,0,0.3940000000000001
8,10,0,9,0,2,1,2.4422499999999925
8,10,0,9,0,2,2,0.0
8,10,0,9,0,2,3,0.18
8,10,0,9,0,2,4,0.124006
8,10,0,9,0,2,5,0.129006
8,9,0,9,0,0,0,0.9825467196280003
8,9,0,9,0,0,1,0.0
8,9,0,9,0,0,2,0.0
8,9,0,9,0,0,3,0.0
8,9,0,9,0,0,4,0.30880700000000005
8,9,0,9,0,0,5,0.0
8,8,0,9,0,0,0,0.7801290000000004
8,8,0,9,0,0,1,0.0
8,8,0,9,0,0,2,0.0
8,8,0,9,0,0,3,2.2619458116000017
8,8,0,9,0,0,4,0.0
8,8,0,9,0,0,5,0.0
9,8,0,9,0,3,0,0.0
9,8,0,9,0,3,1,3.2916170576900874
9,8,0,9,0,3,2,2.260066298522028
9,8,0,9,0,3,3,0.0
9,8,0,9,0,3,4,0.0
9,8,0,9,0,3,5,2.7537465635536758
9,9,0,9,0,1,0,0.0
9,9,0,9,0,1,1,0.0
9,9,0,9,0,1,2,3.277630280308995
9,9,0,9,0,1,3,2.3708793706069953
9,9,0,9,0,1,4,0.0
9,9,0,9,0,1,5,2.7547170576900872
8,9,0,9,0,2,0,1.3295987910000013
8,9,0,9,0,2,1,0.0
8,9,0,9,0,2,2,0.0
8,9,0,9,0,2,3,2.6099999999999945
8,9,0,9,0,2,4,0.0
8,9,0,9,0,2,5,0.0
8,9,0,9,0,1,0,0.7017515910000003
8,9,0,9,0,1,1,0.0
8,9,0,9,0,1,2,0.0
8,9,0,9,0,1,3,0.0
8,9,0,9,0,1,4,0.0
8,9,0,9,0,1,5,0.0
12,3,0,9,0,1,0,12.584392282052304
12,3,0,9,0,1,1,0.0
12,3,0,9,0,1,2,0.0
12,3,0,9,0,1,3,0.0
12,3,0,9,0,1,4,0.0
12,3,0,9,0,1,5,0.0
12,2,0,9,0,0,0,10.158718122230667
12,2,0,9,0,0,1,0.0
12,2,0,9,0,0,2,41.77460954709728
12,2,0,9,0,0,3,0.0
12,2,0,9,0,0,4,0.0
12,2,0,9,0,0,5,44.75563953500126
11,17,0,16,0,0,0,15.826834501999786
11,17,0,16,0,0,1,16.521801711752452
11,17,0,16,0,0,2,0.0
11,17,0,16,0,0,3,0.0
11,17,0,16,0,0,4,0.0
11,17,0,16,0,0,5,237.4219199421371
11,16,0,16,0,0,0,0.0
11,16,0,16,0,0,1,7.353999999999805
11,16,0,16,0,0,2,7.446999999999801
11,16,0,16,0,0,3,7.6999999999999735
11,16,0,16,0,0,4,0.0
11,16,0,16,0,0,5,160.8797098919628
11,16,0,16,0,3,0,8.739004999999967
11,16,0,16,0,3,1,0.0
11,16,0,16,0,3,2,0.0
11,16,0,16,0,3,3,0.0
11,16,0,16,0,3,4,0.0
11,16,0,16,0,3,5,0.0
10,16,0,16,0,1,0,7.988999999999968
10,16,0,16,0,1,1,0.0
10,16,0,16,0,1,2,0.0
10,16,0,16,0,1,3,0.0
10,16,0,16,0,1,4,0.0
10,16,0,16,0,1,5,0.0
10,15,0,16,0,0,0,0.0
10,15,0,16,0,0,1,0.0
10,15,0,16,0,0,2,0.0
10,15,0,16,0,0,3,18.10141600755273
10,15,0,16,0,0,4,0.0
10,15,0,16,0,0,5,0.0
10,15,0,16,0,1,0,42.95919659822794
10,15,0,16,0,1,1,0.0
10,15,0,16,0,1,2,0.0
10,15,0,16,0,1,3,0.0
10,15,0,16,0,1,4,0.0
10,15,0,16,0,1,5,0.0
9,14,0,16,0,2,0,63.566140628088164
9,14,0,16,0,2,1,0.0
9,14,0,16,0,2,2,0.0
9,14,0,16,0,2,3,0.0
9,14,0,16,0,2,4,0.0
9,14,0,16,0,2,5,0.0
9,15,0,16,0,1,0,86.84311799951553
9,15,0,16,0,1,1,0.0
9,15,0,16,0,1,2,0.0
9,15,0,16,0,1,3,0.0
9,15,0,16,0,1,4,0.0
9,15,0,16,0,1,5,0.0
6,16,0,16,0,1,0,55.295916017711
6,16,0,16,0,1,1,0.0
6,16,0,16,0,1,2,0.0
6,16,0,16,0,1,3,0.0
6,16,0,16,0,1,4,0.0
6,16,0,16,0,1,5,0.0
6,15,0,16,0,0,0,20.275046636000027
6,15,0,16,0,0,1,48.108021941593876
6,15,0,16,0,0,2,0.0
6,15,0,16,0,0,3,0.0
6,15,0,16,0,0,4,0.0
6,15,0,16,0,0,5,0.0
6,14,0,16,0,0,0,10.12976399999989
6,14,0,16,0,0,1,0.0
6,14,0,16,0,0,2,13.159442458000113
6,14,0,16,0,0,3,0.0
6,14,0,16,0,0,4,0.0
6,14,0,16,0,0,5,0.0
10,12,0,16,0,3,0,9.642999999999894
10,12,0,16,0,3,1,0.0
10,12,0,16,0,3,2,0.0
10,12,0,16,0,3,3,0.0
10,12,0,16,0,3,4,66.62881888097075
10,12,0,16,0,3,5,0.0
10,11,0,16,0,0,0,0.0
10,11,0,16,0,0,1,0.0
10,11,0,16,0,0,2,9.741999999999893
10,11,0,16,0,0,3,0.0
10,11,0,16,0,0,4,0.0
10,11,0,16,0,0,5,0.0
9,11,0,16,0,2,0,0.0
9,11,0,16,0,2,1,9.740999999999893
9,11,0,16,0,2,2,0.0
9,11,0,16,0,2,3,0.0
9,11,0,16,0,2,4,0.0
9,11,0,16,0,2,5,0.0
9,12,0,16,0,1,0,10.861669999999883
9,12,0,16,0,1,1,0.0
9,12,0,16,0,1,2,0.0
9,12,0,16,0,1,3,0.0
9,12,0,16,0,1,4,0.0
9,12,0,16,0,1,5,0.0
10,11,0,9,0,1,0,7.6444768119829885
10,11,0,9,0,1,1,0.0
10,11,0,9,0,1,2,3.689555650057585
10,11,0,9,0,1,3,1.747133
10,11,0,9,0,1,4,4.780682094645279
10,11,0,9,0,1,5,1.826803204386314
10,10,0,9,0,0,0,0.0
10,10,0,9,0,0,1,7.955658894059791
10,10,0,9,0,0,2,1.0011976754287113
10,10,0,9,0,0,3,1.584999999999997
10,10,0,9,0,0,4,2.664061325028637
10,10,0,9,0,0,5,0.0
11,11,0,9,0,3,0,1.853805
11,11,0,9,0,3,1,1.1399999999999977
11,11,0,9,0,3,2,0.0
11,11,0,9,0,3,3,0.0
11,11,0,9,0,3,4,0.0
11,11,0,9,0,3,5,1.2285266949999978
11,10,0,9,0,0,0,0.7660000000000007
11,10,0,9,0,0,1,0.0
11,10,0,9,0,0,2,0.0
11,10,0,9,0,0,3,2.0485099999999994
11,10,0,9,0,0,4,0.0
11,10,0,9,0,0,5,1.1585049999999995
11,9,0,9,0,0,0,0.8650000000000008
11,9,0,9,0,0,1,0.0
11,9,0,9,0,0,2,0.0
11,9,0,9,0,0,3,0.0
11,9,0,9,0,0,4,0.0
11,9,0,9,0,0,5,0.0
11,8,0,9,0,0,0,2.8367903000000005
11,8,0,9,0,0,1,2.4285156130369945
11,8,0,9,0,0,2,2.6799999999999944
11,8,0,9,0,0,3,0.0
11,8,0,9,0,0,4,0.0
11,8,0,9,0,0,5,0.0
11,7,0,9,0,0,0,1.0630000000000008
11,7,0,9,0,0,1,0.9849999999999999
11,7,0,9,0,0,2,0.9549999999999994
11,7,0,9,0,0,3,0.0
11,7,0,9,0,0,4,0.0
11,7,0,9,0,0,5,1.0652369999999995
11,6,0,9,0,0,0,1.1620000000000008
11,6,0,9,0,0,1,0.0
11,6,0,9,0,0,2,0.0
11,6,0,9,0,0,3,0.0
11,6,0,9,0,0,4,0.0
11,6,0,9,0,0,5,0.0
11,5,0,9,0,0,0,1.261000000000001
11,5,0,9,0,0,1,0.0
11,5,0,9,0,0,2,0.0
11,5,0,9,0,0,3,0.0
11,5,0,9,0,0,4,0.0
11,5,0,9,0,0,5,0.0
11,4,0,9,0,0,0,1.360000000000001
11,4,0,9,0,0,1,0.0
11,4,0,9,0,0,2,0.0
11,4,0,9,0,0,3,0.0
11,4,0,9,0,0,4,0.0
11,4,0,9,0,0,5,0.0
11,3,0,9,0,0,0,1.459000000000001
11,3,0,9,0,0,1,0.0
11,3,0,9,0,0,2,0.0
11,3,0,9,0,0,3,0.0
11,3,0,9,0,0,4,0.0
11,3,0,9,0,0,5,0.0
11,2,0,9,0,0,0,12.161049242210556
11,2,0,9,0,0,1,0.0
11,2,0,9,0,0,2,0.0
11,2,0,9,0,0,3,0.0
11,2,0,9,0,0,4,0.0
11,2,0,9,0,0,5,0.0
10,3,0,9,0,1,0,5.591934553738987
10,3,0,9,0,1,1,0.0
10,3,0,9,0,1,2,0.0
10,3,0,9,0,1,3,7.130999999999947
10,3,0,9,0,1,4,294.5401353778023
10,3,0,9,0,1,5,32.00447340240242
11,3,0,9,0,3,0,7.420068374215379
11,3,0,9,0,3,1,0.0
11,3,0,9,0,3,2,0.0
11,3,0,9,0,3,3,0.0
11,3,0,9,0,3,4,0.0
11,3,0,9,0,3,5,0.0
10,1,0,9,0,0,0,8.87607923651544
10,1,0,9,0,0,1,0.0
10,1,0,9,0,0,2,0.0
10,1,0,9,0,0,3,0.0
10,1,0,9,0,0,4,0.0
10,1,0,9,0,0,5,0.0
10,19,0,16,0,2,0,8.199225835999886
10,19,0,16,0,2,1,0.0
10,19,0,16,0,2,2,0.0
10,19,0,16,0,2,3,19.941157203907878
10,19,0,16,0,2,4,0.0
10,19,0,16,0,2,5,0.0
11,18,0,16,0,1,0,15.990926381339035
11,18,0,16,0,1,1,0.0
11,18,0,16,0,1,2,0.0
11,18,0,16,0,1,3,34.040510572778885
11,18,0,16,0,1,4,0.0
11,18,0,16,0,1,5,0.0
11,17,0,16,0,1,0,19.71077692533103
11,17,0,16,0,1,1,0.0
11,17,0,16,0,1,2,0.0
11,17,0,16,0,1,3,0.0
11,17,0,16,0,1,4,0.0
11,17,0,16,0,1,5,0.0
10,16,0,16,0,2,0,8.439055110705796
10,16,0,16,0,2,1,0.0
10,16,0,16,0,2,2,0.0
10,16,0,16,0,2,3,0.0
10,16,0,16,0,2,4,0.0
10,16,0,16,0,2,5,0.0
5,12,0,16,0,2,0,9.482754999999777
5,12,0,16,0,2,1,0.0
5,12,0,16,0,2,2,0.0
5,12,0,16,0,2,3,26.08612983361232
5,12,0,16,0,2,4,0.0
5,12,0,16,0,2,5,0.0
6,15,0,16,0,1,0,0.0
6,15,0,16,0,1,1,0.0
6,15,0,16,0,1,2,9.678245999999755
6,15,0,16,0,1,3,0.0
6,15,0,16,0,1,4,0.0
6,15,0,16,0,1,5,0.0
5,16,0,16,1,1,0,0.0
5,16,0,16,1,1,1,0.0
5,16,0,16,1,1,2,0.0
5,16,0,16,1,1,3,0.0
5,16,0,16,1,1,4,440.61290144259
5,16,0,16,1,1,5,0.0
5,16,0,16,0,2,0,8.706999999999729
5,16,0,16,0,2,1,0.0
5,16,0,16,0,2,2,0.0
5,16,0,16,0,2,3,0.0
5,16,0,16,0,2,4,0.0
5,16,0,16,0,2,5,0.0
5,15,0,16,0,0,0,8.80599999999973
5,15,0,16,0,0,1,0.0
5,15,0,16,0,0,2,0.0
5,15,0,16,0,0,3,0.0
5,15,0,16,0,0,4,0.0
5,15,0,16,0,0,5,0.0
5,14,0,16,0,0,0,9.85895399999972
5,14,0,16,0,0,1,0.0
5,14,0,16,0,0,2,0.0
5,14,0,16,0,0,3,0.0
5,14,0,16,0,0,4,0.0
5,14,0,16,0,0,5,0.0
7,13,0,16,0,3,0,30.424831645816077
7,13,0,16,0,3,1,0.0
7,13,0,16,0,3,2,0.0
7,13,0,16,0,3,3,0.0
7,13,0,16,0,3,4,0.0
7,13,0,16,0,3,5,0.0
7,12,0,16,0,0,0,47.718687066212674
7,12,0,16,0,0,1,0.0
7,12,0,16,0,0,2,0.0
7,12,0,16,0,0,3,0.0
7,12,0,16,0,0,4,0.0
7,12,0,16,0,0,5,0.0
7,11,0,16,0,0,0,19.301614999999785
7,11,0,16,0,0,1,56.19344641571912
7,11,0,16,0,0,2,9.905000000000062
7,11,0,16,0,0,3,0.0
7,11,0,16,0,0,4,0.0
7,11,0,16,0,0,5,15.373151195156254
7,12,0,16,0,1,0,49.183901894890184
7,12,0,16,0,1,1,9.82500000000006
7,12,0,16,0,1,2,0.0
7,12,0,16,0,1,3,0.0
7,12,0,16,0,1,4,0.0
7,12,0,16,0,1,5,0.0
7,10,0,16,0,0,0,0.0
7,10,0,16,0,0,1,0.0
7,10,0,16,0,0,2,0.0
7,10,0,16,0,0,3,19.607354847666635
7,10,0,16,0,0,4,11.02921500000004
7,10,0,16,0,0,5,0.0
8,10,0,16,0,3,0,33.985899244291545
8,10,0,16,0,3,1,10.78000000000008
8,10,0,16,0,3,2,0.0
8,10,0,16,0,3,3,0.0
8,10,0,16,0,3,4,0.0
8,10,0,16,0,3,5,21.42960899281929
7,2,0,9,0,2,0,1.6150000000000002
7,2,0,9,0,2,1,10.802674448195075
7,2,0,9,0,2,2,3.0741482591584908
7,2,0,9,0,2,3,8.706888442000002
7,2,0,9,0,2,4,15.766827421630612
7,2,0,9,0,2,5,39.840530550452485
7,2,0,9,0,0,0,134.7652245777575
7,2,0,9,0,0,1,4.533325855139403
7,2,0,9,0,0,2,14.832474494708729
7,2,0,9,0,0,3,4.599383417980047
7,2,0,9,0,0,4,33.80227012226855
7,2,0,9,0,0,5,0.0
6,2,0,9,0,2,0,12.544157976879548
6,2,0,9,0,2,1,27.18534914300531
6,2,0,9,0,2,2,0.0
6,2,0,9,0,2,3,0.0
6,2,0,9,0,2,4,0.0
6,2,0,9,0,2,5,9.766871639711084
6,2,0,9,0,0,0,174.7069596761029
6,2,0,9,0,0,1,31.47706283945496
6,2,0,9,0,0,2,14.645704771548182
6,2,0,9,0,0,3,13.155933766599158
6,2,0,9,0,0,4,27.66225539794705
6,2,0,9,0,0,5,73.90690915551907
6,3,0,9,0,1,0,88.38614736320842
6,3,0,9,0,1,1,0.0
6,3,0,9,0,1,2,0.0
6,3,0,9,0,1,3,9.356005000000009
6,3,0,9,0,1,4,17.341224638484057
6,3,0,9,0,1,5,0.0
7,2,0,9,0,3,0,9.377300301403023
7,2,0,9,0,3,1,3.6626744481950695
7,2,0,9,0,3,2,12.328145578145898
7,2,0,9,0,3,3,0.0
7,2,0,9,0,3,4,0.0
7,2,0,9,0,3,5,0.0
7,3,0,9,0,1,0,36.35834312588046
7,3,0,9,0,1,1,0.0
7,3,0,9,0,1,2,8.505000000000004
7,3,0,9,0,1,3,0.0
7,3,0,9,0,1,4,0.0
7,3,0,9,0,1,5,0.0
5,2,0,9,0,2,0,5.961745690374878
5,2,0,9,0,2,1,5.894557001341399
5,2,0,9,0,2,2,6.004093018082943
5,2,0,9,0,2,3,0.0
5,2,0,9,0,2,4,0.0
5,2,0,9,0,2,5,0.0
5,2,0,9,0,0,0,19.081036029619135
5,2,0,9,0,0,1,1.3349999999999964
5,2,0,9,0,0,2,53.50805127807236
5,2,0,9,0,0,3,7.762363376409662
5,2,0,9,0,0,4,7.109022566932369
5,2,0,9,0,0,5,0.0
4,2,0,9,0,2,0,227.34401412676254
4,2,0,9,0,2,1,0.0
4,2,0,9,0,2,2,0.0
4,2,0,9,0,2,3,17.605890772559192
4,2,0,9,0,2,4,0.0
4,2,0,9,0,2,5,0.0
4,2,0,9,0,0,0,211.67288872275196
4,2,0,9,0,0,1,74.28369935281565
4,2,0,9,0,0,2,572.0402848119329
4,2,0,9,0,0,3,16.826544141861376
4,2,0,9,0,0,4,99.69826455964676
4,2,0,9,0,0,5,134.4432719698671
3,2,0,9,0,2,0,641.2057503964469
3,2,0,9,0,2,1,332.59304257303194
3,2,0,9,0,2,2,125.60817342006894
3,2,0,9,0,2,3,103.0126848075761
3,2,0,9,0,2,4,122.7969727430881
3,2,0,9,0,2,5,64.00510298678252
3,2,0,9,0,0,0,843.248811462519
3,2,0,9,0,0,1,559.3685249199084
3,2,0,9,0,0,2,330.8107283532734
3,2,0,9,0,0,3,312.63113375549574
3,2,0,9,0,0,4,727.7596564050328
3,2,0,9,0,0,5,754.5330068600344
3,3,0,9,0,1,0,696.8229659756606
3,3,0,9,0,1,1,28.728770239696527
3,3,0,9,0,1,2,0.0
3,3,0,9,0,1,3,28.48695602140785
3,3,0,9,0,1,4,238.365218530111
3,3,0,9,0,1,5,201.20426929072408
4,2,0,9,0,3,0,444.98328590661754
4,2,0,9,0,3,1,23.78193343272995
4,2,0,9,0,3,2,152.99615171944086
4,2,0,9,0,3,3,30.342946926895408
4,2,0,9,0,3,4,66.93677005987973
4,2,0,9,0,3,5,125.58907152531833
2,2,0,9,0,2,0,423.192501442562
2,2,0,9,0,2,1,56.02499091563294
2,2,0,9,0,2,2,155.77337316980402
2,2,0,9,0,2,3,173.06727169515023
2,2,0,9,0,2,4,85.65336654642704
2,2,0,9,0,2,5,146.38272624113208
2,2,0,9,0,0,0,246.70683041261032
2,2,0,9,0,0,1,207.83052182325957
2,2,0,9,0,0,2,269.7885968281732
2,2,0,9,0,0,3,519.3833983918014
2,2,0,9,0,0,4,276.1136518632104
2,2,0,9,0,0,5,286.8035833883808
3,2,0,9,0,3,0,671.898858484412
3,2,0,9,0,3,1,125.83312268611432
3,2,0,9,0,3,2,31.290701280438334
3,2,0,9,0,3,3,90.78268967575639
3,2,0,9,0,3,4,159.07788756313028
3,2,0,9,0,3,5,106.57143435707195
4,3,0,9,0,3,0,131.63712461330755
4,3,0,9,0,3,1,0.0
4,3,0,9,0,3,2,0.0
4,3,0,9,0,3,3,0.0
4,3,0,9,0,3,4,0.0
4,3,0,9,0,3,5,0.0
2,3,0,9,0,1,0,300.97630709488135
2,3,0,9,0,1,1,2.7700000000002003
2,3,0,9,0,1,2,5.838960000000047
2,3,0,9,0,1,3,13.385490639812307
2,3,0,9,0,1,4,30.406280538958228
2,3,0,9,0,1,5,22.351705651336804
9,10,0,9,0,3,0,0.0
9,10,0,9,0,3,1,0.27
9,10,0,9,0,3,2,0.0
9,10,0,9,0,3,3,0.0
9,10,0,9,0,3,4,0.0
9,10,0,9,0,3,5,0.175
9,11,0,9,0,1,0,0.0
9,11,0,9,0,1,1,0.19
9,11,0,9,0,1,2,0.0
9,11,0,9,0,1,3,0.36500000000000005
9,11,0,9,0,1,4,0.0
9,11,0,9,0,1,5,0.0
10,11,0,9,0,3,0,1.1336241258640827
10,11,0,9,0,3,1,0.0
10,11,0,9,0,3,2,2.969974880189522
10,11,0,9,0,3,3,1.233526694999998
10,11,0,9,0,3,4,3.128104315342549
10,11,0,9,0,3,5,5.334387023662181
10,8,0,9,0,0,0,2.818779999999996
10,8,0,9,0,0,1,0.0
10,8,0,9,0,0,2,0.0
10,8,0,9,0,0,3,2.461867763235994
10,8,0,9,0,0,4,0.0
10,8,0,9,0,0,5,0.0
10,7,0,9,0,0,0,0.0
10,7,0,9,0,0,1,0.7150000000000003
10,7,0,9,0,0,2,2.303354999999996
10,7,0,9,0,0,3,0.0
10,7,0,9,0,0,4,0.7200000000000002
10,7,0,9,0,0,5,0.0
10,8,0,9,0,1,0,0.0
10,8,0,9,0,1,1,0.0
10,8,0,9,0,1,2,0.0
10,8,0,9,0,1,3,0.8100000000000002
10,8,0,9,0,1,4,0.0
10,8,0,9,0,1,5,0.0
11,8,0,9,0,3,0,0.0
11,8,0,9,0,3,1,4.519203691759874
11,8,0,9,0,3,2,0.0
11,8,0,9,0,3,3,0.0
11,8,0,9,0,3,4,0.0
11,8,0,9,0,3,5,2.4568677632359943
11,9,0,9,0,1,0,2.0557132629999995
11,9,0,9,0,1,1,2.2999999999999945
11,9,0,9,0,1,2,2.5152655598374367
11,9,0,9,0,1,3,0.0
11,9,0,9,0,1,4,4.714391928256665
11,9,0,9,0,1,5,5.610160042018995
11,8,0,9,0,1,0,0.0
11,8,0,9,0,1,1,0.0
11,8,0,9,0,1,2,0.0
11,8,0,9,0,1,3,1.0695949999999999
11,8,0,9,0,1,4,0.0
11,8,0,9,0,1,5,0.0
10,7,0,9,0,2,0,0.0
10,7,0,9,0,2,1,0.0
10,7,0,9,0,2,2,1.0499999999999994
10,7,0,9,0,2,3,0.0
10,7,0,9,0,2,4,0.0
10,7,0,9,0,2,5,0.0
9,7,0,9,0,2,0,0.0
9,7,0,9,0,2,1,0.0
9,7,0,9,0,2,2,3.6196375938469734
9,7,0,9,0,2,3,0.0
9,7,0,9,0,2,4,0.0
9,7,0,9,0,2,5,0.0
8,7,0,9,0,2,0,3.852480089761226
8,7,0,9,0,2,1,0.0
8,7,0,9,0,2,2,2.7408755802015117
8,7,0,9,0,2,3,5.325370208335945
8,7,0,9,0,2,4,0.0
8,7,0,9,0,2,5,2.797211650625254
7,7,0,9,0,2,0,3.013778455418797
7,7,0,9,0,2,1,3.8845315919871863
7,7,0,9,0,2,2,1.7235396433400518
7,7,0,9,0,2,3,4.0256529630308515
7,7,0,9,0,2,4,5.417324542309316
7,7,0,9,0,2,5,1.4730758247823468
8,7,0,9,0,3,0,0.0
8,7,0,9,0,3,1,1.4049999999999987
8,7,0,9,0,3,2,3.058807885644164
8,7,0,9,0,3,3,2.8739829915452346
8,7,0,9,0,3,4,0.0
8,7,0,9,0,3,5,0.0
8,8,0,9,0,1,0,2.4676728437867945
8,8,0,9,0,1,1,0.0
8,8,0,9,0,1,2,1.5768427859329988
8,8,0,9,0,1,3,2.7587465635536756
8,8,0,9,0,1,4,4.558746328371543
8,8,0,9,0,1,5,0.0
9,7,0,9,0,3,0,1.5349999999999964
9,7,0,9,0,3,1,1.4599999999999966
9,7,0,9,0,3,2,5.35205702830925
9,7,0,9,0,3,3,0.0
9,7,0,9,0,3,4,0.0
9,7,0,9,0,3,5,0.0
9,8,0,9,0,1,0,1.4499999999999966
9,8,0,9,0,1,1,2.318409999999995
9,8,0,9,0,1,2,0.0
9,8,0,9,0,1,3,0.0
9,8,0,9,0,1,4,0.0
9,8,0,9,0,1,5,1.4549999999999965
9,7,0,9,0,0,0,0.0
9,7,0,9,0,0,1,0.0
9,7,0,9,0,0,2,1.716346682439946
9,7,0,9,0,0,3,0.0
9,7,0,9,0,0,4,0.0
9,7,0,9,0,0,5,0.0
9,6,0,9,0,0,0,0.0
9,6,0,9,0,0,1,1.5299999999999963
9,6,0,9,0,0,2,0.0
9,6,0,9,0,0,3,1.614999999999996
9,6,0,9,0,0,4,0.0
9,6,0,9,0,0,5,1.6714699999999958
9,7,0,9,0,1,0,1.676469999999996
9,7,0,9,0,1,1,2.309044999999995
9,7,0,9,0,1,2,0.0
9,7,0,9,0,1,3,0.0
9,7,0,9,0,1,4,2.335970529999995
9,7,0,9,0,1,5,0.0
10,6,0,9,0,3,0,1.709999999999996
10,6,0,9,0,3,1,0.0
10,6,0,9,0,3,2,0.0
10,6,0,9,0,3,3,0.0
10,6,0,9,0,3,4,0.0
10,6,0,9,0,3,5,0.0
10,5,0,9,0,0,0,1.804999999999996
10,5,0,9,0,0,1,0.0
10,5,0,9,0,0,2,0.0
10,5,0,9,0,0,3,0.0
10,5,0,9,0,0,4,0.0
10,5,0,9,0,0,5,0.0
10,4,0,9,0,0,0,0.0
10,4,0,9,0,0,1,0.0
10,4,0,9,0,0,2,1.899999999999996
10,4,0,9,0,0,3,0.0
10,4,0,9,0,0,4,0.0
10,4,0,9,0,0,5,0.0
9,4,0,9,0,2,0,0.0
9,4,0,9,0,2,1,0.0
9,4,0,9,0,2,2,1.9949999999999957
9,4,0,9,0,2,3,0.0
9,4,0,9,0,2,4,0.0
9,4,0,9,0,2,5,0.0
8,4,0,9,0,2,0,0.0
8,4,0,9,0,2,1,2.089999999999996
8,4,0,9,0,2,2,0.0
8,4,0,9,0,2,3,0.0
8,4,0,9,0,2,4,0.0
8,4,0,9,0,2,5,0.0
8,5,0,9,0,1,0,0.0
8,5,0,9,0,1,1,0.0
8,5,0,9,0,1,2,0.0
8,5,0,9,0,1,3,10.707320000000015
8,5,0,9,0,1,4,8.74631500000002
8,5,0,9,0,1,5,0.0
9,5,0,9,0,3,0,8.520000000000021
9,5,0,9,0,3,1,2.1799999999999957
9,5,0,9,0,3,2,0.0
9,5,0,9,0,3,3,0.0
9,5,0,9,0,3,4,0.0
9,5,0,9,0,3,5,0.0
9,6,0,9,0,1,0,0.0
9,6,0,9,0,1,1,2.340970529999995
9,6,0,9,0,1,2,0.0
9,6,0,9,0,1,3,0.0
9,6,0,9,0,1,4,0.0
9,6,0,9,0,1,5,0.0
11,10,0,9,0,1,0,0.0
11,10,0,9,0,1,1,0.9050000000000001
11,10,0,9,0,1,2,2.2899999999999943
11,10,0,9,0,1,3,0.0
11,10,0,9,0,1,4,2.294999999999994
11,10,0,9,0,1,5,0.0
10,10,0,9,0,2,0,4.8927295715050345
10,10,0,9,0,2,1,6.3492320946452745
10,10,0,9,0,2,2,0.0
10,10,0,9,0,2,3,0.0
10,10,0,9,0,2,4,2.146417177928482
10,10,0,9,0,2,5,0.0
8,11,0,9,0,1,0,0.16999999999999998
8,11,0,9,0,1,1,0.0
8,11,0,9,0,1,2,0.0
8,11,0,9,0,1,3,2.244999999999992
8,11,0,9,0,1,4,2.7827069327499925
8,11,0,9,0,1,5,0.0
9,11,0,9,0,3,0,2.239999999999992
9,11,0,9,0,3,1,0.0
9,11,0,9,0,3,2,2.8578692399999923
9,11,0,9,0,3,3,0.0
9,11,0,9,0,3,4,0.0
9,11,0,9,0,3,5,0.0
9,10,0,9,0,0,0,2.660881789805502
9,10,0,9,0,0,1,0.0
9,10,0,9,0,0,2,0.0
9,10,0,9,0,0,3,1.132890692149666
9,10,0,9,0,0,4,0.0
9,10,0,9,0,0,5,0.0
7,4,0,9,0,2,0,0.0
7,4,0,9,0,2,1,12.544721340349753
7,4,0,9,0,2,2,0.0
7,4,0,9,0,2,3,0.0
7,4,0,9,0,2,4,19.479656138195026
7,4,0,9,0,2,5,12.477985957681318
7,5,0,9,0,1,0,29.010441349033265
7,5,0,9,0,1,1,0.0
7,5,0,9,0,1,2,0.0
7,5,0,9,0,1,3,0.0
7,5,0,9,0,1,4,0.0
7,5,0,9,0,1,5,0.0
7,3,0,9,0,0,0,46.88891210196656
7,3,0,9,0,0,1,0.0
7,3,0,9,0,0,2,0.0
7,3,0,9,0,0,3,27.94559470986461
7,3,0,9,0,0,4,12.058637035564553
7,3,0,9,0,0,5,0.0
8,2,0,9,0,3,0,0.0
8,2,0,9,0,3,1,0.0
8,2,0,9,0,3,2,14.450314199435615
8,2,0,9,0,3,3,2.8473579999999896
8,2,0,9,0,3,4,2.281383417980056
8,2,0,9,0,3,5,0.0
11,2,0,9,0,1,0,0.0
11,2,0,9,0,1,1,0.0
11,2,0,9,0,1,2,0.0
11,2,0,9,0,1,3,20.876802716109644
11,2,0,9,0,1,4,0.0
11,2,0,9,0,1,5,0.0
13,2,0,9,0,3,0,0.0
13,2,0,9,0,3,1,0.0
13,2,0,9,0,3,2,8.559999999999995
13,2,0,9,0,3,3,0.0
13,2,0,9,0,3,4,8.564999999999996
13,2,0,9,0,3,5,0.0
12,2,0,9,0,2,0,8.829613727167995
12,2,0,9,0,2,1,0.0
12,2,0,9,0,2,2,0.0
12,2,0,9,0,2,3,0.0
12,2,0,9,0,2,4,0.0
12,2,0,9,0,2,5,0.0
10,2,0,9,0,2,0,0.0
10,2,0,9,0,2,1,0.0
10,2,0,9,0,2,2,18.36503886700002
10,2,0,9,0,2,3,21.006132237272904
10,2,0,9,0,2,4,8.495
10,2,0,9,0,2,5,0.0
6,3,0,9,0,2,0,0.0
6,3,0,9,0,2,1,0.0
6,3,0,9,0,2,2,0.0
6,3,0,9,0,2,3,8.500000000000005
6,3,0,9,0,2,4,0.0
6,3,0,9,0,2,5,0.0
7,3,0,9,0,3,0,0.0
7,3,0,9,0,3,1,17.02422978524821
7,3,0,9,0,3,2,0.0
7,3,0,9,0,3,3,0.0
7,3,0,9,0,3,4,0.0
7,3,0,9,0,3,5,0.0
7,4,0,9,0,1,0,0.0
7,4,0,9,0,1,1,17.567340324059785
7,4,0,9,0,1,2,0.0
7,4,0,9,0,1,3,0.0
7,4,0,9,0,1,4,0.0
7,4,0,9,0,1,5,8.490000000000006
8,3,0,9,0,3,0,0.0
8,3,0,9,0,3,1,8.495000000000017
8,3,0,9,0,3,2,0.0
8,3,0,9,0,3,3,8.90766373500002
8,3,0,9,0,3,4,118.82923949358161
8,3,0,9,0,3,5,45.95756642219202
8,4,0,9,0,1,0,0.0
8,4,0,9,0,1,1,8.75131500000002
8,4,0,9,0,1,2,8.740291305000015
8,4,0,9,0,1,3,0.0
8,4,0,9,0,1,4,0.0
8,4,0,9,0,1,5,0.0
8,3,0,9,0,2,0,0.0
8,3,0,9,0,2,1,9.405288839195022
8,3,0,9,0,2,2,0.0
8,3,0,9,0,2,3,0.0
8,3,0,9,0,2,4,0.0
8,3,0,9,0,2,5,0.0
9,4,0,9,0,0,0,8.51500000000002
9,4,0,9,0,0,1,0.0
9,4,0,9,0,0,2,0.0
9,4,0,9,0,0,3,0.0
9,4,0,9,0,0,4,0.0
9,4,0,9,0,0,5,0.0
9,3,0,9,0,0,0,0.0
9,3,0,9,0,0,1,8.510000000000021
9,3,0,9,0,0,2,0.0
9,3,0,9,0,0,3,8.877255934000022
9,3,0,9,0,0,4,0.0
9,3,0,9,0,0,5,0.0
9,4,0,9,0,1,0,9.347490000000024
9,4,0,9,0,1,1,0.0
9,4,0,9,0,1,2,0.0
9,4,0,9,0,1,3,0.0
9,4,0,9,0,1,4,0.0
9,4,0,9,0,1,5,0.0
8,16,0,16,0,2,0,10.662595208000043
8,16,0,16,0,2,1,0.0
8,16,0,16,0,2,2,0.0
8,16,0,16,0,2,3,0.0
8,16,0,16,0,2,4,17.616185000000108
8,16,0,16,0,2,5,10.549002315000067
9,15,0,16,0,3,0,40.680674046393555
9,15,0,16,0,3,1,0.0
9,15,0,16,0,3,2,0.0
9,15,0,16,0,3,3,0.0
9,15,0,16,0,3,4,0.0
9,15,0,16,0,3,5,0.0
7,13,0,16,0,1,0,12.056079974995322
7,13,0,16,0,1,1,0.0
7,13,0,16,0,1,2,0.0
7,13,0,16,0,1,3,0.0
7,13,0,16,0,1,4,0.0
7,13,0,16,0,1,5,0.0
6,11,0,16,0,2,0,0.0
6,11,0,16,0,2,1,20.837365481755178
6,11,0,16,0,2,2,41.357852204425214
6,11,0,16,0,2,3,0.0
6,11,0,16,0,2,4,0.0
6,11,0,16,0,2,5,9.900000000000063
6,12,0,16,0,1,0,0.0
6,12,0,16,0,1,1,0.0
6,12,0,16,0,1,2,21.944178320213
6,12,0,16,0,1,3,0.0
6,12,0,16,0,1,4,0.0
6,12,0,16,0,1,5,0.0
7,10,0,16,0,1,0,0.0
7,10,0,16,0,1,1,10.805000000000119
7,10,0,16,0,1,2,0.0
7,10,0,16,0,1,3,25.57502939195055
7,10,0,16,0,1,4,11.957796790344297
7,10,0,16,0,1,5,0.0
9,9,0,16,0,3,0,0.0
9,9,0,16,0,3,1,0.0
9,9,0,16,0,3,2,12.877374622000056
9,9,0,16,0,3,3,0.0
9,9,0,16,0,3,4,0.0
9,9,0,16,0,3,5,0.0
8,11,0,16,0,1,0,10.77500000000008
8,11,0,16,0,1,1,0.0
8,11,0,16,0,1,2,0.0
8,11,0,16,0,1,3,0.0
8,11,0,16,0,1,4,0.0
8,11,0,16,0,1,5,0.0
8,10,0,16,0,0,0,0.0
8,10,0,16,0,0,1,0.0
8,10,0,16,0,0,2,0.0
8,10,0,16,0,0,3,10.870000000000081
8,10,0,16,0,0,4,0.0
8,10,0,16,0,0,5,0.0
9,10,0,16,0,3,0,13.018851623000058
9,10,0,16,0,3,1,0.0
9,10,0,16,0,3,2,0.0
9,10,0,16,0,3,3,0.0
9,10,0,16,0,3,4,0.0
9,10,0,16,0,3,5,0.0
7,8,0,16,0,2,0,0.0
7,8,0,16,0,2,1,55.12214952610448
7,8,0,16,0,2,2,35.8461917664218
7,8,0,16,0,2,3,0.0
7,8,0,16,0,2,4,0.0
7,8,0,16,0,2,5,0.0
7,11,0,16,0,1,0,0.0
7,11,0,16,0,1,1,0.0
7,11,0,16,0,1,2,0.0
7,11,0,16,0,1,3,10.795000000000119
7,11,0,16,0,1,4,0.0
7,11,0,16,0,1,5,10.800000000000118
8,11,0,16,0,3,0,0.0
8,11,0,16,0,3,1,0.0
8,11,0,16,0,3,2,10.79000000000012
8,11,0,16,0,3,3,0.0
8,11,0,16,0,3,4,0.0
8,11,0,16,0,3,5,0.0
7,11,0,16,0,2,0,0.0
7,11,0,16,0,2,1,0.0
7,11,0,16,0,2,2,13.80622859683504
7,11,0,16,0,2,3,0.0
7,11,0,16,0,2,4,0.0
7,11,0,16,0,2,5,21.554215000000237
9,13,0,16,0,1,0,0.0
9,13,0,16,0,1,1,0.0
9,13,0,16,0,1,2,0.0
9,13,0,16,0,1,3,0.0
9,13,0,16,0,1,4,0.0
9,13,0,16,0,1,5,0.0
9,14,0,16,0,1,0,11.010000000000124
9,14,0,16,0,1,1,15.777308158988635
9,14,0,16,0,1,2,0.0
9,14,0,16,0,1,3,0.0
9,14,0,16,0,1,4,0.0
9,14,0,16,0,1,5,0.0
7,16,0,16,0,2,0,0.0
7,16,0,16,0,2,1,0.0
7,16,0,16,0,2,2,11.160000000000126
7,16,0,16,0,2,3,0.0
7,16,0,16,0,2,4,11.065000000000126
7,16,0,16,0,2,5,0.0
6,16,0,16,0,2,0,12.141842000000118
6,16,0,16,0,2,1,0.0
6,16,0,16,0,2,2,0.0
6,16,0,16,0,2,3,0.0
6,16,0,16,0,2,4,0.0
6,16,0,16,0,2,5,0.0
4,14,0,16,0,2,0,0.0
4,14,0,16,0,2,1,0.0
4,14,0,16,0,2,2,11.400000000000135
4,14,0,16,0,2,3,12.389153000000123
4,14,0,16,0,2,4,26.982084233625315
4,14,0,16,0,2,5,124.07260043013804
3,14,0,16,0,2,0,0.0
3,14,0,16,0,2,1,0.0
3,14,0,16,0,2,2,0.0
3,14,0,16,0,2,3,11.395000000000136
3,14,0,16,0,2,4,0.0
3,14,0,16,0,2,5,0.0
4,14,0,16,0,3,0,11.490000000000137
4,14,0,16,0,3,1,0.0
4,14,0,16,0,3,2,0.0
4,14,0,16,0,3,3,0.0
4,14,0,16,0,3,4,0.0
4,14,0,16,0,3,5,0.0
4,13,0,16,0,0,0,11.585000000000136
4,13,0,16,0,0,1,0.0
4,13,0,16,0,0,2,0.0
4,13,0,16,0,0,3,0.0
4,13,0,16,0,0,4,0.0
4,13,0,16,0,0,5,0.0
4,12,0,16,0,0,0,11.680000000000136
4,12,0,16,0,0,1,0.0
4,12,0,16,0,0,2,0.0
4,12,0,16,0,0,3,0.0
4,12,0,16,0,0,4,0.0
4,12,0,16,0,0,5,0.0
4,11,0,16,0,0,0,0.0
4,11,0,16,0,0,1,0.0
4,11,0,16,0,0,2,11.675000000000137
4,11,0,16,0,0,3,0.0
4,11,0,16,0,0,4,0.0
4,11,0,16,0,0,5,0.0
4,11,0,16,0,2,0,13.083829000000126
4,11,0,16,0,2,1,0.0
4,11,0,16,0,2,2,0.0
4,11,0,16,0,2,3,0.0
4,11,0,16,0,2,4,0.0
4,11,0,16,0,2,5,0.0
4,9,0,16,0,2,0,48.40634183937563
4,9,0,16,0,2,1,13.455290222273943
4,9,0,16,0,2,2,0.0
4,9,0,16,0,2,3,15.522227842098406
4,9,0,16,0,2,4,0.0
4,9,0,16,0,2,5,0.0
3,8,0,16,0,1,0,21.964490000000374
3,8,0,16,0,1,1,0.0
3,8,0,16,0,1,2,0.0
3,8,0,16,0,1,3,0.0
3,8,0,16,0,1,4,0.0
3,8,0,16,0,1,5,0.0
2,8,0,16,0,1,0,19.515839983862907
2,8,0,16,0,1,1,112.53833190811199
2,8,0,16,0,1,2,0.0
2,8,0,16,0,1,3,0.0
2,8,0,16,0,1,4,0.0
2,8,0,16,0,1,5,0.0
8,10,0,9,0,0,0,0.313807
8,10,0,9,0,0,1,0.0
8,10,0,9,0,0,2,0.0
8,10,0,9,0,0,3,0.0
8,10,0,9,0,0,4,0.0
8,10,0,9,0,0,5,0.0
6,2,0,9,0,3,0,45.57789443961079
6,2,0,9,0,3,1,0.0
6,2,0,9,0,3,2,0.0
6,2,0,9,0,3,3,0.0
6,2,0,9,0,3,4,0.0
6,2,0,9,0,3,5,0.0
5,3,0,9,0,1,0,21.829827376415945
5,3,0,9,0,1,1,5.45500000000005
5,3,0,9,0,1,2,0.0
5,3,0,9,0,1,3,0.0
5,3,0,9,0,1,4,0.0
5,3,0,9,0,1,5,0.0
4,3,0,9,0,1,0,265.4875763297363
4,3,0,9,0,1,1,0.0
4,3,0,9,0,1,2,0.0
4,3,0,9,0,1,3,0.0
4,3,0,9,0,1,4,62.73611828280575
4,3,0,9,0,1,5,31.348370349547146
9,12,0,9,0,1,0,0.0
9,12,0,9,0,1,1,0.0
9,12,0,9,0,1,2,0.27999999999999997
9,12,0,9,0,1,3,0.0
9,12,0,9,0,1,4,0.185
9,12,0,9,0,1,5,0.0
8,12,0,9,0,2,0,0.375
8,12,0,9,0,2,1,0.0
8,12,0,9,0,2,2,0.0
8,12,0,9,0,2,3,0.0
8,12,0,9,0,2,4,0.0
8,12,0,9,0,2,5,0.0
8,11,0,9,0,0,0,0.0
8,11,0,9,0,0,1,0.37000000000000005
8,11,0,9,0,0,2,0.0
8,11,0,9,0,0,3,0.0
8,11,0,9,0,0,4,0.0
8,11,0,9,0,0,5,0.0
8,12,0,9,0,1,0,0.0
8,12,0,9,0,1,1,0.39613500000000007
8,12,0,9,0,1,2,2.6649999999999925
8,12,0,9,0,1,3,0.3500000000000001
8,12,0,9,0,1,4,0.36500000000000005
8,12,0,9,0,1,5,2.964012993499993
9,12,0,9,0,3,0,0.3350000000000002
9,12,0,9,0,3,1,0.0
9,12,0,9,0,3,2,0.0
9,12,0,9,0,3,3,0.0
9,12,0,9,0,3,4,0.34500000000000014
9,12,0,9,0,3,5,0.3741550000000002
9,11,0,9,0,0,0,0.6934272971907449
9,11,0,9,0,0,1,0.0
9,11,0,9,0,0,2,0.0
9,11,0,9,0,0,3,0.0
9,11,0,9,0,0,4,0.0
9,11,0,9,0,0,5,0.0
11,11,0,9,0,1,0,0.9758340000000001
11,11,0,9,0,1,1,0.0
11,11,0,9,0,1,2,0.0
11,11,0,9,0,1,3,0.0
11,11,0,9,0,1,4,0.0
11,11,0,9,0,1,5,0.0
12,10,0,9,0,3,0,0.0
12,10,0,9,0,3,1,1.1499999999999992
12,10,0,9,0,3,2,4.500129001265507
12,10,0,9,0,3,3,1.674999999999997
12,10,0,9,0,3,4,0.0
12,10,0,9,0,3,5,0.0
11,10,0,9,0,2,0,0.0
11,10,0,9,0,2,1,0.0
11,10,0,9,0,2,2,4.41708638274958
11,10,0,9,0,2,3,3.1843343532238295
11,10,0,9,0,2,4,4.618442324643869
11,10,0,9,0,2,5,3.51261586051619
12,11,0,9,0,1,0,1.1449999999999994
12,11,0,9,0,1,1,0.0
12,11,0,9,0,1,2,0.0
12,11,0,9,0,1,3,0.0
12,11,0,9,0,1,4,0.0
12,11,0,9,0,1,5,0.0
12,10,0,9,0,0,0,0.0
12,10,0,9,0,0,1,0.0
12,10,0,9,0,0,2,1.2651782171212207
12,10,0,9,0,0,3,0.0
12,10,0,9,0,0,4,0.0
12,10,0,9,0,0,5,0.0
9,11,0,9,0,2,0,0.0
9,11,0,9,0,2,1,0.0
9,11,0,9,0,2,2,2.5899999999999928
9,11,0,9,0,2,3,3.7876250524194814
9,11,0,9,0,2,4,0.0
9,11,0,9,0,2,5,0.0
11,12,0,9,0,1,0,0.0
11,12,0,9,0,1,1,1.2349999999999977
11,12,0,9,0,1,2,0.0
11,12,0,9,0,1,3,0.0
11,12,0,9,0,1,4,0.0
11,12,0,9,0,1,5,0.0
11,13,0,9,0,1,0,0.0
11,13,0,9,0,1,1,1.3249999999999975
11,13,0,9,0,1,2,0.0
11,13,0,9,0,1,3,0.0
11,13,0,9,0,1,4,0.0
11,13,0,9,0,1,5,1.2299999999999978
11,14,0,9,0,1,0,0.0
11,14,0,9,0,1,1,0.0
11,14,0,9,0,1,2,1.4199999999999975
11,14,0,9,0,1,3,0.0
11,14,0,9,0,1,4,0.0
11,14,0,9,0,1,5,0.0
10,14,0,9,0,2,0,1.5149999999999975
10,14,0,9,0,2,1,0.0
10,14,0,9,0,2,2,0.0
10,14,0,9,0,2,3,0.0
10,14,0,9,0,2,4,0.0
10,14,0,9,0,2,5,0.0
10,13,0,9,0,0,0,1.6099999999999974
10,13,0,9,0,0,1,0.0
10,13,0,9,0,0,2,0.0
10,13,0,9,0,0,3,0.0
10,13,0,9,0,0,4,0.0
10,13,0,9,0,0,5,0.0
10,12,0,9,0,0,0,1.5999999999999972
10,12,0,9,0,0,1,0.0
10,12,0,9,0,0,2,0.0
10,12,0,9,0,0,3,0.0
10,12,0,9,0,0,4,0.0
10,12,0,9,0,0,5,1.6049999999999973
10,11,0,9,0,0,0,2.3776102305119164
10,11,0,9,0,0,1,0.0
10,11,0,9,0,0,2,0.0
10,11,0,9,0,0,3,0.0
10,11,0,9,0,0,4,0.0
10,11,0,9,0,0,5,1.594999999999997
11,10,0,9,0,3,0,0.0
11,10,0,9,0,3,1,0.0
11,10,0,9,0,3,2,3.114380227578992
11,10,0,9,0,3,3,1.8228693532238314
11,10,0,9,0,3,4,8.092175963301267
11,10,0,9,0,3,5,0.0
13,10,0,9,0,3,0,1.769999999999997
13,10,0,9,0,3,1,0.0
13,10,0,9,0,3,2,0.0
13,10,0,9,0,3,3,0.0
13,10,0,9,0,3,4,0.0
13,10,0,9,0,3,5,0.0
13,9,0,9,0,0,0,0.0
13,9,0,9,0,0,1,0.0
13,9,0,9,0,0,2,1.8649999999999967
13,9,0,9,0,0,3,0.0
13,9,0,9,0,0,4,0.0
13,9,0,9,0,0,5,0.0
12,9,0,9,0,2,0,0.0
12,9,0,9,0,2,1,1.8549999999999967
12,9,0,9,0,2,2,0.0
12,9,0,9,0,2,3,0.0
12,9,0,9,0,2,4,1.8599999999999968
12,9,0,9,0,2,5,0.0
12,10,0,9,0,1,0,0.0
12,10,0,9,0,1,1,0.0
12,10,0,9,0,1,2,2.30222579013974
12,10,0,9,0,1,3,0.0
12,10,0,9,0,1,4,1.8499999999999965
12,10,0,9,0,1,5,0.0
9,9,0,9,0,3,0,0.0
9,9,0,9,0,3,1,0.0
9,9,0,9,0,3,2,0.0
9,9,0,9,0,3,3,3.1592473328810864
9,9,0,9,0,3,4,0.0
9,9,0,9,0,3,5,2.6049999999999947
10,8,0,9,0,2,0,0.0
10,8,0,9,0,2,1,2.674999999999994
10,8,0,9,0,2,2,0.0
10,8,0,9,0,2,3,0.0
10,8,0,9,0,2,4,0.0
10,8,0,9,0,2,5,0.0
10,9,0,9,0,1,0,0.0
10,9,0,9,0,1,1,3.4319258676435638
10,9,0,9,0,1,2,0.0
10,9,0,9,0,1,3,0.0
10,9,0,9,0,1,4,2.669999999999994
10,9,0,9,0,1,5,0.0
8,11,0,9,0,2,0,0.0
8,11,0,9,0,2,1,2.614217364999993
8,11,0,9,0,2,2,0.0
8,11,0,9,0,2,3,2.806759999999992
8,11,0,9,0,2,4,0.0
8,11,0,9,0,2,5,0.0
7,12,0,9,0,2,0,0.0
7,12,0,9,0,2,1,2.6599999999999926
7,12,0,9,0,2,2,0.0
7,12,0,9,0,2,3,0.0
7,12,0,9,0,2,4,0.0
7,12,0,9,0,2,5,0.0
7,12,0,9,0,1,0,0.0
7,12,0,9,0,1,1,2.6549999999999923
7,12,0,9,0,1,2,2.7499999999999925
7,12,0,9,0,1,3,0.0
7,12,0,9,0,1,4,0.0
7,12,0,9,0,1,5,0.0
6,12,0,9,0,2,0,0.0
6,12,0,9,0,2,1,2.7349999999999923
6,12,0,9,0,2,2,0.0
6,12,0,9,0,2,3,0.0
6,12,0,9,0,2,4,0.0
6,12,0,9,0,2,5,5.482254999999984
6,12,0,9,0,1,0,2.829999999999992
6,12,0,9,0,1,1,0.0
6,12,0,9,0,1,2,0.0
6,12,0,9,0,1,3,0.0
6,12,0,9,0,1,4,0.0
6,12,0,9,0,1,5,0.0
6,11,0,9,0,0,0,2.924999999999992
6,11,0,9,0,0,1,0.0
6,11,0,9,0,0,2,0.0
6,11,0,9,0,0,3,0.0
6,11,0,9,0,0,4,0.0
6,11,0,9,0,0,5,0.0
6,10,0,9,0,0,0,3.019999999999992
6,10,0,9,0,0,1,0.0
6,10,0,9,0,0,2,0.0
6,10,0,9,0,0,3,0.0
6,10,0,9,0,0,4,0.0
6,10,0,9,0,0,5,0.0
6,9,0,9,0,0,0,0.0
6,9,0,9,0,0,1,6.046040014999983
6,9,0,9,0,0,2,0.0
6,9,0,9,0,0,3,0.0
6,9,0,9,0,0,4,0.0
6,9,0,9,0,0,5,0.0
6,10,0,9,0,1,0,3.3084849999999912
6,10,0,9,0,1,1,0.0
6,10,0,9,0,1,2,3.0999999999999917
6,10,0,9,0,1,3,0.0
6,10,0,9,0,1,4,0.0
6,10,0,9,0,1,5,0.0
5,10,0,9,0,2,0,3.1899999999999915
5,10,0,9,0,2,1,0.0
5,10,0,9,0,2,2,0.0
5,10,0,9,0,2,3,0.0
5,10,0,9,0,2,4,0.0
5,10,0,9,0,2,5,3.0949999999999918
5,9,0,9,0,0,0,0.0
5,9,0,9,0,0,1,0.0
5,9,0,9,0,0,2,3.2799999999999914
5,9,0,9,0,0,3,0.0
5,9,0,9,0,0,4,3.1849999999999916
5,9,0,9,0,0,5,0.0
4,9,0,9,0,2,0,0.0
4,9,0,9,0,2,1,0.0
4,9,0,9,0,2,2,3.3749999999999916
4,9,0,9,0,2,3,0.0
4,9,0,9,0,2,4,0.0
4,9,0,9,0,2,5,0.0
3,9,0,9,0,2,0,0.0
3,9,0,9,0,2,1,3.4699999999999918
3,9,0,9,0,2,2,0.0
3,9,0,9,0,2,3,0.0
3,9,0,9,0,2,4,0.0
3,9,0,9,0,2,5,0.0
3,10,0,9,0,1,0,3.4649999999999923
3,10,0,9,0,1,1,0.0
3,10,0,9,0,1,2,0.0
3,10,0,9,0,1,3,0.0
3,10,0,9,0,1,4,0.0
3,10,0,9,0,1,5,0.0
3,9,0,9,0,0,0,3.4599999999999924
3,9,0,9,0,0,1,0.0
3,9,0,9,0,0,2,3.5549999999999926
3,9,0,9,0,0,3,0.0
3,9,0,9,0,0,4,0.0
3,9,0,9,0,0,5,0.0
2,9,0,9,0,2,0,0.0
2,9,0,9,0,2,1,0.0
2,9,0,9,0,2,2,3.6499999999999932
2,9,0,9,0,2,3,0.0
2,9,0,9,0,2,4,0.0
2,9,0,9,0,2,5,0.0
1,9,0,9,0,2,0,0.0
1,9,0,9,0,2,1,8.64044133
1,9,0,9,0,2,2,0.0
1,9,0,9,0,2,3,0.0
1,9,0,9,0,2,4,0.0
1,9,0,9,0,2,5,0.0
1,10,0,9,0,1,0,0.0
1,10,0,9,0,1,1,0.0
1,10,0,9,0,1,2,9.080085500450021
1,10,0,9,0,1,3,7.62566999999999
1,10,0,9,0,1,4,5.264941330000006
1,10,0,9,0,1,5,7.545664999999989
2,10,0,9,0,3,0,0.0
2,10,0,9,0,3,1,3.8899999999999966
2,10,0,9,0,3,2,3.8299999999999943
2,10,0,9,0,3,3,0.0
2,10,0,9,0,3,4,0.0
2,10,0,9,0,3,5,0.0
1,10,0,9,0,2,0,3.809999999999995
1,10,0,9,0,2,1,0.0
1,10,0,9,0,2,2,0.0
1,10,0,9,0,2,3,0.0
1,10,0,9,0,2,4,11.448533824999984
1,10,0,9,0,2,5,0.0
1,9,0,9,0,0,0,4.249999999999999
1,9,0,9,0,0,1,4.1846649999999945
1,9,0,9,0,0,2,0.0
1,9,0,9,0,0,3,0.0
1,9,0,9,0,0,4,0.0
1,9,0,9,0,0,5,0.0
2,11,0,9,0,1,0,0.0
2,11,0,9,0,1,1,0.0
2,11,0,9,0,1,2,3.9849999999999968
2,11,0,9,0,1,3,0.0
2,11,0,9,0,1,4,0.0
2,11,0,9,0,1,5,0.0
1,11,0,9,0,2,0,0.0
1,11,0,9,0,2,1,4.079999999999997
1,11,0,9,0,2,2,0.0
1,11,0,9,0,2,3,0.0
1,11,0,9,0,2,4,0.0
1,11,0,9,0,2,5,0.0
1,12,0,9,0,1,0,4.0749999999999975
1,12,0,9,0,1,1,0.0
1,12,0,9,0,1,2,0.0
1,12,0,9,0,1,3,0.0
1,12,0,9,0,1,4,0.0
1,12,0,9,0,1,5,0.0
1,11,0,9,0,0,0,0.0
1,11,0,9,0,0,1,0.0
1,11,0,9,0,0,2,4.169999999999997
1,11,0,9,0,0,3,0.0
1,11,0,9,0,0,4,0.0
1,11,0,9,0,0,5,0.0
0,11,0,9,0,2,0,0.0
0,11,0,9,0,2,1,5.003420000000011
0,11,0,9,0,2,2,4.97233500000001
0,11,0,9,0,2,3,4.164999999999998
0,11,0,9,0,2,4,5.047261165000011
0,11,0,9,0,2,5,0.0
1,11,0,9,0,3,0,8.73135890166501
1,11,0,9,0,3,1,0.0
1,11,0,9,0,3,2,0.0
1,11,0,9,0,3,3,0.0
1,11,0,9,0,3,4,0.0
1,11,0,9,0,3,5,0.0
1,10,0,9,0,0,0,4.569281834999997
1,10,0,9,0,0,1,0.0
1,10,0,9,0,0,2,4.965500000000013
1,10,0,9,0,0,3,0.0
1,10,0,9,0,0,4,5.018253531264848
1,10,0,9,0,0,5,4.982358901665012
1,8,0,9,0,0,0,0.0
1,8,0,9,0,0,1,4.244999999999999
1,8,0,9,0,0,2,0.0
1,8,0,9,0,0,3,4.2299999999999995
1,8,0,9,0,0,4,0.0
1,8,0,9,0,0,5,0.0
1,9,0,9,0,1,0,4.6552549999999995
1,9,0,9,0,1,1,0.0
1,9,0,9,0,1,2,0.0
1,9,0,9,0,1,3,0.0
1,9,0,9,0,1,4,0.0
1,9,0,9,0,1,5,4.239999999999999
1,8,0,9,0,3,0,0.0
1,8,0,9,0,3,1,0.0
1,8,0,9,0,3,2,4.310000000000001
1,8,0,9,0,3,3,8.440775
1,8,0,9,0,3,4,0.0
1,8,0,9,0,3,5,5.050636725
0,8,0,9,0,2,0,4.400000000000001
0,8,0,9,0,2,1,0.0
0,8,0,9,0,2,2,4.3050000000000015
0,8,0,9,0,2,3,0.0
0,8,0,9,0,2,4,0.0
0,8,0,9,0,2,5,0.0
0,7,0,9,0,0,0,0.0
0,7,0,9,0,0,1,9.324449048249523
0,7,0,9,0,0,2,8.770120000000022
0,7,0,9,0,0,3,0.0
0,7,0,9,0,0,4,8.780605000000005
0,7,0,9,0,0,5,0.0
0,7,0,9,0,2,0,8.1399200000002
0,7,0,9,0,2,1,4.380000000000003
0,7,0,9,0,2,2,0.0
0,7,0,9,0,2,3,0.0
0,7,0,9,0,2,4,0.0
0,7,0,9,0,2,5,0.0
0,8,0,9,0,1,0,10.037972361276726
0,8,0,9,0,1,1,4.465000000000003
0,8,0,9,0,1,2,0.0
0,8,0,9,0,1,3,0.0
0,8,0,9,0,1,4,4.919183709605019
0,8,0,9,0,1,5,0.0
0,9,0,9,0,1,0,0.0
0,9,0,9,0,1,1,4.560000000000004
0,9,0,9,0,1,2,0.0
0,9,0,9,0,1,3,0.0
0,9,0,9,0,1,4,0.0
0,9,0,9,0,1,5,0.0
0,10,0,9,0,1,0,4.555000000000004
0,10,0,9,0,1,1,0.0
0,10,0,9,0,1,2,0.0
0,10,0,9,0,1,3,4.455000000000015
0,10,0,9,0,1,4,13.831643030945045
0,10,0,9,0,1,5,0.0
0,9,0,9,0,0,0,4.415000000000018
0,9,0,9,0,0,1,4.925945000000015
0,9,0,9,0,0,2,0.0
0,9,0,9,0,0,3,9.48798603500002
0,9,0,9,0,0,4,11.393563091799077
0,9,0,9,0,0,5,17.96715990184758
1,9,0,9,0,3,0,0.0
1,9,0,9,0,3,1,5.249941330000013
1,9,0,9,0,3,2,0.0
1,9,0,9,0,3,3,4.525000000000006
1,9,0,9,0,3,4,13.551404535000025
1,9,0,9,0,3,5,0.0
2,9,0,9,0,3,0,0.0
2,9,0,9,0,3,1,0.0
2,9,0,9,0,3,2,4.890755000000006
2,9,0,9,0,3,3,0.0
2,9,0,9,0,3,4,0.0
2,9,0,9,0,3,5,0.0
0,10,0,9,0,2,0,14.638753358683543
0,10,0,9,0,2,1,4.500000000000007
0,10,0,9,0,2,2,0.0
0,10,0,9,0,2,3,0.0
0,10,0,9,0,2,4,9.927988701534066
0,10,0,9,0,2,5,5.020585500450015
0,11,0,9,0,1,0,0.0
0,11,0,9,0,1,1,4.585000000000008
0,11,0,9,0,1,2,0.0
0,11,0,9,0,1,3,0.0
0,11,0,9,0,1,4,0.0
0,11,0,9,0,1,5,8.980505000000015
0,12,0,9,0,1,0,9.16426957500002
0,12,0,9,0,1,1,0.0
0,12,0,9,0,1,2,0.0
0,12,0,9,0,1,3,0.0
0,12,0,9,0,1,4,0.0
0,12,0,9,0,1,5,0.0
0,11,0,9,0,0,0,0.0
0,11,0,9,0,0,1,0.0
0,11,0,9,0,0,2,4.97733500000001
0,11,0,9,0,0,3,4.951840000000011
0,11,0,9,0,0,4,4.575000000000009
0,11,0,9,0,0,5,5.0229250000000105
1,10,0,9,0,3,0,0.0
1,10,0,9,0,3,1,0.0
1,10,0,9,0,3,2,5.468538701534054
1,10,0,9,0,3,3,0.0
1,10,0,9,0,3,4,0.0
1,10,0,9,0,3,5,0.0
0,8,0,9,0,0,0,5.279279895000019
0,8,0,9,0,0,1,0.0
0,8,0,9,0,0,2,0.0
0,8,0,9,0,0,3,0.0
0,8,0,9,0,0,4,0.0
0,8,0,9,0,0,5,0.0
0,6,0,9,0,0,0,12.443801244370785
0,6,0,9,0,0,1,3.8452256633302144
0,6,0,9,0,0,2,0.0
0,6,0,9,0,0,3,0.0
0,6,0,9,0,0,4,0.0
0,6,0,9,0,0,5,0.0
0,5,0,9,0,0,0,16.387921660307196
0,5,0,9,0,0,1,4.345870116376988
0,5,0,9,0,0,2,3.6400000000001813
0,5,0,9,0,0,3,4.714504223896611
0,5,0,9,0,0,4,12.808363456886841
0,5,0,9,0,0,5,9.121113456886823
0,4,0,9,0,0,0,51.583040285806845
0,4,0,9,0,0,1,13.73856217452773
0,4,0,9,0,0,2,0.0
0,4,0,9,0,0,3,4.755000000000021
0,4,0,9,0,0,4,12.332261001866385
0,4,0,9,0,0,5,9.981633153628437
1,4,0,9,0,3,0,0.0
1,4,0,9,0,3,1,4.850000000000022
1,4,0,9,0,3,2,0.0
1,4,0,9,0,3,3,0.0
1,4,0,9,0,3,4,0.0
1,4,0,9,0,3,5,0.0
1,5,0,9,0,1,0,0.0
1,5,0,9,0,1,1,3.755000000000169
1,5,0,9,0,1,2,0.0
1,5,0,9,0,1,3,9.69467500000005
1,5,0,9,0,1,4,18.150969370155238
1,5,0,9,0,1,5,0.0
1,5,0,9,0,3,0,16.408182342456445
1,5,0,9,0,3,1,0.0
1,5,0,9,0,3,2,0.0
1,5,0,9,0,3,3,0.0
1,5,0,9,0,3,4,0.0
1,5,0,9,0,3,5,0.0
1,4,0,9,0,0,0,4.820000000000023
1,4,0,9,0,0,1,0.0
1,4,0,9,0,0,2,3.48500000000019
1,4,0,9,0,0,3,14.510272651071254
1,4,0,9,0,0,4,0.0
1,4,0,9,0,0,5,0.0
2,4,0,9,0,3,0,4.955000000000027
2,4,0,9,0,3,1,0.0
2,4,0,9,0,3,2,4.895000000000024
2,4,0,9,0,3,3,3.365000000000197
2,4,0,9,0,3,4,28.131290464868897
2,4,0,9,0,3,5,0.0
1,4,0,9,0,2,0,0.0
1,4,0,9,0,2,1,10.780979818344704
1,4,0,9,0,2,2,0.0
1,4,0,9,0,2,3,0.0
1,4,0,9,0,2,4,21.526936867920146
1,4,0,9,0,2,5,10.09868355092432
2,3,0,9,0,0,0,0.0
2,3,0,9,0,0,1,0.0
2,3,0,9,0,0,2,4.950000000000028
2,3,0,9,0,0,3,0.0
2,3,0,9,0,0,4,0.0
2,3,0,9,0,0,5,0.0
2,3,0,9,0,2,0,0.0
2,3,0,9,0,2,1,0.0
2,3,0,9,0,2,2,4.945000000000028
2,3,0,9,0,2,3,14.755232638543136
2,3,0,9,0,2,4,0.0
2,3,0,9,0,2,5,0.0
3,3,0,9,0,3,0,161.11694226887585
3,3,0,9,0,3,1,0.0
3,3,0,9,0,3,2,0.0
3,3,0,9,0,3,3,0.0
3,3,0,9,0,3,4,5.035000000000029
3,3,0,9,0,3,5,0.0
5,2,0,9,0,3,0,12.647929306477923
5,2,0,9,0,3,1,15.343716570327562
5,2,0,9,0,3,2,37.66701170196194
5,2,0,9,0,3,3,7.769722427135425
5,2,0,9,0,3,4,54.64678471856418
5,2,0,9,0,3,5,14.77570854561439
5,4,0,9,0,1,0,0.0
5,4,0,9,0,1,1,0.0
5,4,0,9,0,1,2,5.5500000000000504
5,4,0,9,0,1,3,0.0
5,4,0,9,0,1,4,0.0
5,4,0,9,0,1,5,0.0
4,4,0,9,0,2,0,5.64500000000005
4,4,0,9,0,2,1,0.0
4,4,0,9,0,2,2,0.0
4,4,0,9,0,2,3,0.0
4,4,0,9,0,2,4,0.0
4,4,0,9,0,2,5,0.0
4,3,0,9,0,0,0,37.47577874199464
4,3,0,9,0,0,1,0.0
4,3,0,9,0,0,2,0.0
4,3,0,9,0,0,3,4.34000000000013
4,3,0,9,0,0,4,0.0
4,3,0,9,0,0,5,0.0
3,4,0,9,0,1,0,24.517690137143685
3,4,0,9,0,1,1,46.27711313324989
3,4,0,9,0,1,2,3.695000000000167
3,4,0,9,0,1,3,8.82503000000025
3,4,0,9,0,1,4,116.26497362256265
3,4,0,9,0,1,5,44.176960585285386
3,3,0,9,0,0,0,148.96660315926488
3,3,0,9,0,0,1,29.888272053124872
3,3,0,9,0,0,2,0.0
3,3,0,9,0,0,3,0.0
3,3,0,9,0,0,4,0.0
3,3,0,9,0,0,5,5.982890267290312
4,4,0,9,0,3,0,8.055102095457599
4,4,0,9,0,3,1,0.0
4,4,0,9,0,3,2,4.470000000000122
4,4,0,9,0,3,3,0.0
4,4,0,9,0,3,4,0.0
4,4,0,9,0,3,5,4.792530000000141
3,4,0,9,0,2,0,5.4992052386987895
3,4,0,9,0,2,1,0.0
3,4,0,9,0,2,2,0.0
3,4,0,9,0,2,3,0.0
3,4,0,9,0,2,4,0.0
3,4,0,9,0,2,5,0.0
5,3,0,9,0,3,0,0.0
5,3,0,9,0,3,1,0.0
5,3,0,9,0,3,2,4.330000000000131
5,3,0,9,0,3,3,0.0
5,3,0,9,0,3,4,0.0
5,3,0,9,0,3,5,4.3350000000001305
4,3,0,9,0,2,0,52.85961509570402
4,3,0,9,0,2,1,0.0
4,3,0,9,0,2,2,0.0
4,3,0,9,0,2,3,0.0
4,3,0,9,0,2,4,0.0
4,3,0,9,0,2,5,0.0
2,4,0,9,0,2,0,0.0
2,4,0,9,0,2,1,0.0
2,4,0,9,0,2,2,4.642240890000173
2,4,0,9,0,2,3,0.0
2,4,0,9,0,2,4,0.0
2,4,0,9,0,2,5,11.0439386900005
1,6,0,9,0,1,0,0.0
1,6,0,9,0,1,1,7.80760226500037
1,6,0,9,0,1,2,0.0
1,6,0,9,0,1,3,3.720000000000171
1,6,0,9,0,1,4,17.32950469987729
1,6,0,9,0,1,5,44.2550095022724
1,6,0,9,0,3,0,7.583555151625145
1,6,0,9,0,3,1,0.0
1,6,0,9,0,3,2,0.0
1,6,0,9,0,3,3,0.0
1,6,0,9,0,3,4,8.914495218407772
1,6,0,9,0,3,5,26.31573498486282
1,5,0,9,0,0,0,0.0
1,5,0,9,0,0,1,12.706448266020125
1,5,0,9,0,0,2,0.0
1,5,0,9,0,0,3,0.0
1,5,0,9,0,0,4,0.0
1,5,0,9,0,0,5,0.0
1,7,0,9,0,1,0,0.0
1,7,0,9,0,1,1,3.755000000000175
1,7,0,9,0,1,2,4.099015000000182
1,7,0,9,0,1,3,0.0
1,7,0,9,0,1,4,4.409602265000214
1,7,0,9,0,1,5,11.173713765000528
1,8,0,9,0,1,0,3.750000000000175
1,8,0,9,0,1,1,0.0
1,8,0,9,0,1,2,0.0
1,8,0,9,0,1,3,0.0
1,8,0,9,0,1,4,0.0
1,8,0,9,0,1,5,0.0
1,7,0,9,0,0,0,3.745000000000175
1,7,0,9,0,0,1,0.0
1,7,0,9,0,0,2,0.0
1,7,0,9,0,0,3,0.0
1,7,0,9,0,0,4,0.0
1,7,0,9,0,0,5,0.0
1,6,0,9,0,0,0,0.0
1,6,0,9,0,0,1,0.0
1,6,0,9,0,0,2,0.0
1,6,0,9,0,0,3,4.1077850000001925
1,6,0,9,0,0,4,0.0
1,6,0,9,0,0,5,0.0
0,5,0,9,0,2,0,4.557713165000186
0,5,0,9,0,2,1,0.0
0,5,0,9,0,2,2,0.0
0,5,0,9,0,2,3,4.454714415000194
0,5,0,9,0,2,4,0.0
0,5,0,9,0,2,5,0.0
0,5,0,9,0,1,0,0.0
0,5,0,9,0,1,1,11.082068221116431
0,5,0,9,0,1,2,3.951213603335207
0,5,0,9,0,1,3,0.0
0,5,0,9,0,1,4,0.0
0,5,0,9,0,1,5,0.0
0,6,0,9,0,1,0,11.904556748645495
0,6,0,9,0,1,1,3.435000000000193
0,6,0,9,0,1,2,0.0
0,6,0,9,0,1,3,0.0
0,6,0,9,0,1,4,0.0
0,6,0,9,0,1,5,0.0
0,4,0,9,0,2,0,7.558882139621339
0,4,0,9,0,2,1,0.0
0,4,0,9,0,2,2,0.0
0,4,0,9,0,2,3,0.0
0,4,0,9,0,2,4,10.414568480000572
0,4,0,9,0,2,5,0.0
0,7,0,9,0,1,0,8.054936973000405
0,7,0,9,0,1,1,0.0
0,7,0,9,0,1,2,0.0
0,7,0,9,0,1,3,0.0
0,7,0,9,0,1,4,0.0
0,7,0,9,0,1,5,0.0
3,4,0,9,0,3,0,10.729886017701007
3,4,0,9,0,3,1,0.0
3,4,0,9,0,3,2,0.0
3,4,0,9,0,3,3,0.0
3,4,0,9,0,3,4,0.0
3,4,0,9,0,3,5,0.0
2,4,0,9,0,1,0,0.0
2,4,0,9,0,1,1,0.0
2,4,0,9,0,1,2,4.054603649110222
2,4,0,9,0,1,3,0.0
2,4,0,9,0,1,4,19.192206503389407
2,4,0,9,0,1,5,4.630028443835751
